CANDIDATE,SIDE,TOTAL_TRADES,TOTAL_DECISIVE,WINS,LOSSES,TIME_EXITS,OVERALL_WIN_RATE_%,OVERALL_RAW_AVG_RETURN_%,OVERALL_NET_AVG_RETURN_%,OVERALL_NET_MEDIAN_RETURN_%,OVERALL_PROFIT_FACTOR,AVG_MFE_%,AVG_MAE_%,WILSON_LOW_95_%,WILSON_HIGH_95_%,VALID_BLOCKS,POSITIVE_NET_BLOCKS,BLOCKS_WITH_MIN_SAMPLE,BLOCKS_55PLUS,BLOCKS_60PLUS,BLOCKS_65PLUS,BLOCKS_70PLUS,MIN_BLOCK_WIN_RATE_%,MEDIAN_BLOCK_WIN_RATE_%,MAX_BLOCK_WIN_RATE_%,BLOCK_RATE_STD_%,STATUS
V14_SHORT_MACD_ACCEL,SHORT,348,290,159,131,58,54.83,0.0266,-0.0734,-0.12,0.7188,0.4071,-0.3544,49.07,60.46,8,2,8,4,3,0,0,23.53,54.31,63.83,12.98,REJECT
V14_SHORT_EMA_STRONG,SHORT,351,298,161,137,53,54.03,0.0226,-0.0774,-0.1171,0.708,0.4099,-0.3682,48.35,59.6,8,0,8,4,2,0,0,38.46,52.66,60.61,8.26,REJECT
V14_SHORT_POC075,SHORT,420,342,181,161,78,52.92,0.0107,-0.0893,-0.1471,0.6651,0.3972,-0.3565,47.63,58.15,8,1,8,4,1,0,0,31.58,52.39,61.4,9.75,REJECT
V14_SHORT_BASE,SHORT,421,343,181,162,78,52.77,0.0095,-0.0905,-0.1502,0.6616,0.3969,-0.3592,47.48,57.99,8,1,8,4,1,0,0,31.58,52.39,61.4,9.64,REJECT
V14_SHORT_EMA_SLOPE,SHORT,421,343,181,162,78,52.77,0.0095,-0.0905,-0.1502,0.6616,0.3969,-0.3592,47.48,57.99,8,1,8,4,1,0,0,31.58,52.39,61.4,9.64,REJECT
V14_SHORT_H1_STRONG,SHORT,403,333,175,158,70,52.55,0.0076,-0.0924,-0.1721,0.6586,0.398,-0.3645,47.19,57.86,8,1,8,4,1,0,0,31.58,52.39,64.81,11.21,REJECT
V14_SHORT_QUALITY4,SHORT,375,299,157,142,76,52.51,0.0062,-0.0938,-0.1556,0.6483,0.3895,-0.3468,46.85,58.1,8,1,8,3,1,0,0,33.33,52.0,63.04,10.82,REJECT
V14_LONG_RSI45_65,LONG,363,291,148,143,72,50.86,0.0059,-0.0941,-0.0762,0.6454,0.3838,-0.3574,45.14,56.55,8,2,8,2,2,2,0,38.18,48.69,65.96,10.03,REJECT
V14_LONG_QUALITY1,LONG,363,291,148,143,72,50.86,0.0059,-0.0941,-0.0762,0.6454,0.3838,-0.3574,45.14,56.55,8,2,8,2,2,2,0,38.18,48.69,65.96,10.03,REJECT
V14_SHORT_QUALITY3,SHORT,361,294,154,140,67,52.38,0.0057,-0.0943,-0.1881,0.6505,0.3935,-0.3633,46.68,58.02,8,1,8,3,1,0,0,33.33,50.66,64.71,10.6,REJECT
V14_SHORT_CLOSE35,SHORT,377,302,158,144,75,52.32,0.0053,-0.0947,-0.1721,0.6462,0.3913,-0.3589,46.69,57.89,8,1,8,3,1,0,0,35.71,50.7,61.11,9.24,REJECT
V14_SHORT_QUALITY2,SHORT,377,302,158,144,75,52.32,0.0053,-0.0947,-0.1721,0.6462,0.3913,-0.3589,46.69,57.89,8,1,8,3,1,0,0,35.71,50.7,61.11,9.24,REJECT
V14_SHORT_RSI35_55,SHORT,376,300,157,143,76,52.33,0.0049,-0.0951,-0.1638,0.6444,0.3892,-0.3498,46.69,57.92,8,1,8,3,1,0,0,33.33,52.0,63.04,10.68,REJECT
V14_SHORT_QUALITY1,SHORT,376,300,157,143,76,52.33,0.0049,-0.0951,-0.1638,0.6444,0.3892,-0.3498,46.69,57.92,8,1,8,3,1,0,0,33.33,52.0,63.04,10.68,REJECT
V14_SHORT_RSI_FALLING,SHORT,345,284,147,137,61,51.76,0.0032,-0.0968,-0.1721,0.6448,0.3907,-0.3653,45.96,57.51,8,1,8,3,3,0,0,23.53,50.0,60.71,11.81,REJECT
V14_LONG_QUALITY4,LONG,361,289,146,143,72,50.52,0.0032,-0.0968,-0.0872,0.6371,0.3825,-0.3579,44.79,56.24,8,2,8,2,2,2,0,38.18,48.69,65.96,10.25,REJECT
V14_SHORT_WICK45,SHORT,319,262,136,126,57,51.91,0.0009,-0.0991,-0.207,0.6392,0.3949,-0.3675,45.87,57.89,8,1,8,4,1,1,0,26.67,50.63,65.91,11.47,REJECT
V14_LONG_WICK45,LONG,326,258,129,129,68,50.0,-0.0015,-0.1015,-0.0927,0.6213,0.3782,-0.3608,43.94,56.06,8,1,8,1,1,1,0,38.1,49.47,65.62,8.26,REJECT
V14_LONG_BASE,LONG,409,329,162,167,80,49.24,-0.0075,-0.1075,-0.1088,0.6066,0.3767,-0.3645,43.88,54.62,8,1,8,2,2,0,0,36.0,47.47,62.26,9.6,REJECT
V14_LONG_EMA_SLOPE,LONG,409,329,162,167,80,49.24,-0.0075,-0.1075,-0.1088,0.6066,0.3767,-0.3645,43.88,54.62,8,1,8,2,2,0,0,36.0,47.47,62.26,9.6,REJECT
V14_LONG_POC075,LONG,405,325,160,165,80,49.23,-0.0075,-0.1075,-0.1088,0.606,0.3766,-0.364,43.84,54.64,8,1,8,2,2,0,0,37.5,46.19,62.26,9.73,REJECT
V14_LONG_RSI_RISING,LONG,336,269,132,137,67,49.07,-0.0076,-0.1076,-0.1142,0.6066,0.3721,-0.3657,43.15,55.02,8,1,8,1,1,0,0,33.33,49.14,61.36,8.11,REJECT
V14_LONG_MACD_ACCEL,LONG,353,283,139,144,70,49.12,-0.0091,-0.1091,-0.1,0.6008,0.3783,-0.3633,43.34,54.91,8,0,8,2,0,0,0,33.33,47.86,59.52,8.59,REJECT
V14_LONG_H1_STRONG,LONG,384,312,153,159,72,49.04,-0.0095,-0.1095,-0.1268,0.604,0.3789,-0.3674,43.54,54.56,8,1,8,3,1,0,0,34.78,46.15,64.58,11.47,REJECT
V14_LONG_EMA_STRONG,LONG,351,290,142,148,61,48.97,-0.0133,-0.1133,-0.1391,0.5968,0.3808,-0.371,43.26,54.69,8,2,8,2,2,0,0,36.0,46.53,64.29,9.7,REJECT
V14_LONG_CLOSE65,LONG,363,292,140,152,71,47.95,-0.017,-0.117,-0.1371,0.5802,0.3734,-0.3687,42.28,53.66,8,1,8,2,2,0,0,38.1,44.79,60.87,8.48,REJECT
V14_LONG_QUALITY2,LONG,363,292,140,152,71,47.95,-0.017,-0.117,-0.1371,0.5802,0.3734,-0.3687,42.28,53.66,8,1,8,2,2,0,0,38.1,44.79,60.87,8.48,REJECT
V14_SHORT_VOLUME12,SHORT,75,57,29,28,18,50.88,-0.0176,-0.1176,-0.271,0.5784,0.3698,-0.366,38.26,63.38,8,1,8,5,3,1,0,0.0,57.14,66.67,22.74,REJECT
V14_LONG_QUALITY3,LONG,338,275,131,144,63,47.64,-0.0201,-0.1201,-0.1941,0.5757,0.3757,-0.3723,41.81,53.53,8,1,8,2,1,0,0,35.0,45.0,63.41,10.24,REJECT
V14_LONG_VOLUME12,LONG,75,59,27,32,16,45.76,-0.0356,-0.1356,-0.2183,0.5326,0.3653,-0.3564,33.7,58.34,8,2,8,2,1,1,0,0.0,41.66,66.67,19.82,REJECT
