SIDE,FEATURE,OUTCOME,COUNT,MEAN,MEDIAN,Q20,Q40,Q60,Q80
LONG,RSI_5M,WIN,89,58.489790554441406,57.75961970853012,55.12141742032051,56.79510717340292,59.14662268336786,62.11630704658763
LONG,RSI_5M,LOSS,107,58.74487854880688,58.714401026034906,53.94914654376607,56.87003789018875,59.88179402143313,63.37990633510038
LONG,RSI_5M,TIME_EXIT,42,59.925218874911465,59.65336721659648,55.980303585629976,58.154314655814574,61.51015913588829,63.988090630962766
LONG,RSI_CHANGE_1,WIN,89,1.2221243709208724,0.947934809759623,0.09049227536883966,0.8125669340670655,1.3607250229426966,2.431943704433171
LONG,RSI_CHANGE_1,LOSS,107,1.3378017809943188,1.380000224244192,0.08019974817096787,0.8161947768455108,1.5327048555019132,2.8405349485743145
LONG,RSI_CHANGE_1,TIME_EXIT,42,0.7499590601906644,1.1422213696316241,-0.9825514746183579,0.2824847399814008,1.4205040220928309,2.139563217812517
LONG,RSI_CHANGE_3,WIN,89,3.158168973765481,3.2340307426669668,0.5174951570176249,2.1579153666842976,4.111199510461653,5.774723286126643
LONG,RSI_CHANGE_3,LOSS,107,2.9790714885731115,2.8614679295480343,0.23959034853018446,1.9678711638724753,3.7523506884418194,5.804382013804955
LONG,RSI_CHANGE_3,TIME_EXIT,42,3.5575398114432875,3.0933236696676403,0.8564725815562995,2.4255116219877833,4.040052892381403,6.709311499673328
LONG,MACD_HIST_5M,WIN,89,-2.2420542938742423,-5.074215465398943,-17.25872876461596,-7.738344369643417,0.46505357921215,11.796078445932872
LONG,MACD_HIST_5M,LOSS,107,-2.8241581460250185,1.6010168701320424,-15.82999789919288,-3.8122798108616673,7.9702074624755355,15.7347765236414
LONG,MACD_HIST_5M,TIME_EXIT,42,5.2363254242119766,5.412935117909439,-5.962007602984836,3.5618429608767803,10.179273260660548,19.08623480476231
LONG,MACD_CHANGE_1,WIN,89,3.4253718711497316,2.24985640451073,0.8565965866037772,1.6196832773365315,3.066572758262464,5.869650537381323
LONG,MACD_CHANGE_1,LOSS,107,3.60759785567034,2.6294906907181,0.9061080092798307,2.1217021951814266,3.3963099768225034,5.263210605432384
LONG,MACD_CHANGE_1,TIME_EXIT,42,2.1307291440412643,0.9659622978124176,0.3729826262925507,0.7076184175804515,1.4142390158132028,3.461911615248168
LONG,MACD_CHANGE_3,WIN,89,11.780542218745348,9.874962988189925,2.304427831482508,7.563723780985129,12.357755344915681,20.96452265387658
LONG,MACD_CHANGE_3,LOSS,107,12.088712958062517,10.466560379478153,1.9553650757426237,6.713342965194631,12.33276135717152,21.798537575552547
LONG,MACD_CHANGE_3,TIME_EXIT,42,9.006760086870928,7.103613409294813,1.703730993027506,5.008416563082966,9.294069788924729,14.263130430117327
LONG,EMA_DISTANCE_PCT,WIN,89,0.19879725549332444,0.18682895396679639,0.09756133176317786,0.1546507236343667,0.20795891244593723,0.2674059436282762
LONG,EMA_DISTANCE_PCT,LOSS,107,0.22440819207001478,0.15322852950641436,0.08780794903130552,0.1310168958001824,0.19850854350209257,0.30978299440286167
LONG,EMA_DISTANCE_PCT,TIME_EXIT,42,0.13578284363999385,0.10995942575702618,0.0594177069413495,0.0892545128268952,0.13949352665139045,0.2098424212411087
LONG,EMA20_SLOPE_1,WIN,89,0.015379252032510352,0.011924863145895692,0.006648174814505303,0.010230324003326352,0.01515320636103823,0.022192806418828148
LONG,EMA20_SLOPE_1,LOSS,107,0.015887763821971088,0.014899219607555914,0.007109700352407877,0.01160564631546457,0.016823326104487002,0.02313780574771496
LONG,EMA20_SLOPE_1,TIME_EXIT,42,0.012882328006215086,0.012538870155742732,0.0050372443843471615,0.01041548213748467,0.016052477411454547,0.019689425971094465
LONG,EMA20_SLOPE_3,WIN,89,0.04353491852991281,0.033787817857033886,0.01780603506399636,0.027800753536411097,0.04360173676862367,0.06695339397194466
LONG,EMA20_SLOPE_3,LOSS,107,0.04443286620945314,0.04163969100221543,0.01895539776715971,0.03213861924169504,0.0471877606182014,0.0630487535893787
LONG,EMA20_SLOPE_3,TIME_EXIT,42,0.03786430283692447,0.03405923667686439,0.014840622229508329,0.027282242966331083,0.04347002461841054,0.058999143552544986
LONG,H1_EMA_DISTANCE_PCT,WIN,89,0.5370787324244604,0.4291662899547558,0.16755913888648474,0.32971340000934524,0.5487836768548648,0.9039964309086652
LONG,H1_EMA_DISTANCE_PCT,LOSS,107,0.5989933927474279,0.504609434179961,0.30601200903420706,0.4405366708226478,0.5977581257236487,0.8652640869366391
LONG,H1_EMA_DISTANCE_PCT,TIME_EXIT,42,0.5803540827819057,0.5202740683902082,0.09678469282302507,0.43827679637046596,0.6583644624757763,1.0337934915416047
LONG,MACD_HIST_1H,WIN,89,100.30198601292325,89.33803461845031,32.83670121196149,71.09706439087446,100.24654407486001,134.56445018101826
LONG,MACD_HIST_1H,LOSS,107,113.8458664452473,89.62101326337074,25.350579940304023,59.94493867838156,104.45738342335058,190.17308040059373
LONG,MACD_HIST_1H,TIME_EXIT,42,106.69334120032143,91.78626336498563,23.02249379069383,61.4798607955869,101.87513300715712,195.2128462291698
LONG,BB_POSITION,WIN,89,0.7077716375776678,0.7119558731298858,0.5481564353980362,0.6677642792987243,0.7866535661530654,0.8773668654820856
LONG,BB_POSITION,LOSS,107,0.7296075942266712,0.7451154000628166,0.549106104454212,0.6969260142468481,0.7939986369680156,0.8840842677953145
LONG,BB_POSITION,TIME_EXIT,42,0.7916330118873771,0.8207429933013632,0.6846776669606726,0.7608461486372082,0.8432320528819504,0.9288846446819716
LONG,BB_WIDTH_PCT,WIN,89,0.5931616619054942,0.5134370448310243,0.3433938927219499,0.44993688372223006,0.5942102702982989,0.7668696255324015
LONG,BB_WIDTH_PCT,LOSS,107,0.6003358907545401,0.510020397926204,0.3996444713422706,0.4601668608575822,0.577762584596674,0.7956204736702244
LONG,BB_WIDTH_PCT,TIME_EXIT,42,0.4599654035182964,0.43538495929294013,0.30829939191205286,0.3965487007358676,0.5167460726431937,0.6391393311103708
LONG,VOLUME_RATIO,WIN,89,0.7361594805928321,0.6101021135499038,0.4453086268305878,0.5485277923653652,0.7499872639085985,1.0239859537380969
LONG,VOLUME_RATIO,LOSS,107,0.8635370909737393,0.7019282310579189,0.449012152322393,0.6000031409591458,0.8282728826414057,1.2068171104205527
LONG,VOLUME_RATIO,TIME_EXIT,42,0.9855478239043417,0.764407895663279,0.5135953196167556,0.6709117357121422,0.8645619225620652,1.2056003449156707
LONG,POC_DISTANCE_PCT,WIN,89,0.1724711919548066,0.10429990863409279,0.036719780076154424,0.08104267602538034,0.1413726159804819,0.28516806282037993
LONG,POC_DISTANCE_PCT,LOSS,107,0.16321366871371223,0.12771767074576934,0.044011857093236725,0.09578176049057578,0.15558186320128564,0.24657866721311222
LONG,POC_DISTANCE_PCT,TIME_EXIT,42,0.1378895933303565,0.09176123611250217,0.037340141300762686,0.06458595309487916,0.11504505502624389,0.2579110430673739
LONG,LOWER_WICK_RATIO,WIN,89,0.601235426749189,0.5746606334841157,0.4548385206024703,0.528150772645763,0.6262481738064989,0.7575537787035963
LONG,LOWER_WICK_RATIO,LOSS,107,0.5860121149682392,0.5522388059701264,0.42807627063353976,0.4904504935003982,0.6385923682981789,0.749324834058371
LONG,LOWER_WICK_RATIO,TIME_EXIT,42,0.6269774573300101,0.6254724111867549,0.5108458905932861,0.593392553965597,0.6617721544784159,0.7270241539393553
LONG,UPPER_WICK_RATIO,WIN,89,0.12324902868089682,0.07225806451620415,0.0011752431929360852,0.04332968476819116,0.11915248847202889,0.24815128480533064
LONG,UPPER_WICK_RATIO,LOSS,107,0.1268486634657877,0.11221719457014892,0.015700673454321686,0.09185658933288385,0.13429194318871446,0.21243713515638168
LONG,UPPER_WICK_RATIO,TIME_EXIT,42,0.09687316553232424,0.06709015078602956,0.0,0.02955533564777359,0.10911674308458268,0.17445603070546156
LONG,BODY_RATIO,WIN,89,0.2755155445699143,0.2562562562562199,0.08608588121224106,0.18712370576075546,0.3208709672369272,0.4536125365317993
LONG,BODY_RATIO,LOSS,107,0.2871392215659731,0.28190045248870094,0.11354686091523014,0.21535279756764547,0.35128926733056354,0.4754602098450857
LONG,BODY_RATIO,TIME_EXIT,42,0.27614937713766574,0.2870240288654265,0.10361733931238612,0.2134727451496387,0.31363930764929443,0.4174565652979932
LONG,CLOSE_POSITION,WIN,89,0.8507451818427676,0.9024390243903861,0.6935854880652987,0.8350696740671728,0.9320158970606343,0.9949955537314787
LONG,CLOSE_POSITION,LOSS,107,0.8437086181064033,0.8671171171170887,0.7251064053135835,0.8438148575193068,0.8893012607414058,0.9595785472408566
LONG,CLOSE_POSITION,TIME_EXIT,42,0.8396820735058032,0.8911321610318794,0.6751567994499131,0.8187653544002793,0.9356612127044923,0.9974219301534193
LONG,RANGE_PCT,WIN,89,0.1581136056974581,0.13457685664940758,0.08953432424440354,0.11665991092544699,0.17246307923920676,0.23838028054841237
LONG,RANGE_PCT,LOSS,107,0.16739449838045778,0.14934410682727176,0.09906742847774351,0.1376964984879062,0.16571626898997266,0.2147600267350717
LONG,RANGE_PCT,TIME_EXIT,42,0.12208033715336028,0.10809289235588912,0.07128395574659598,0.09752463266922441,0.12629354784871455,0.16481144695264266
SHORT,RSI_5M,WIN,120,41.385438027483545,42.33699016016038,37.507874775443874,40.820920553512714,43.01427750365344,45.256080071692324
SHORT,RSI_5M,LOSS,106,41.14085280343412,41.659348269377986,36.93763563320774,40.49351404902253,43.11355226185532,45.46717809520079
SHORT,RSI_5M,TIME_EXIT,34,42.71677137209639,43.44265047708414,40.43323093557011,42.206991795182645,44.64470185097663,45.6346122545275
SHORT,RSI_CHANGE_1,WIN,120,-1.1337923112142112,-1.0766107370614222,-2.6737307588347377,-1.7647633175539723,-0.7354767454362248,0.4917182206348742
SHORT,RSI_CHANGE_1,LOSS,106,-1.52168433321218,-1.6674632211245601,-2.988709708670264,-1.9184284012783834,-1.269694872727527,-0.0935265337378226
SHORT,RSI_CHANGE_1,TIME_EXIT,34,-1.4053972352161854,-1.453787330745623,-2.498050379917552,-1.895781401735232,-1.108304957496594,-0.05814604593063685
SHORT,RSI_CHANGE_3,WIN,120,-2.765037413549864,-2.9687023968021364,-5.848344660164884,-3.7780761276522994,-1.7105465485804967,0.4939815605541172
SHORT,RSI_CHANGE_3,LOSS,106,-3.0153045649275088,-3.0510197121265747,-5.805681657487909,-3.750488088380415,-1.9642595077364646,-0.04356234241546986
SHORT,RSI_CHANGE_3,TIME_EXIT,34,-3.0621300053649168,-2.6536443725763945,-6.37065873641905,-3.0938457703706543,-2.397487318971656,-1.3891182834561246
SHORT,MACD_HIST_5M,WIN,120,0.7986175340891692,-1.4935516764810046,-16.949782715294074,-5.3064271776601695,4.014330888293886,20.470034474859677
SHORT,MACD_HIST_5M,LOSS,106,-4.326409310142759,-5.490832960262535,-29.357123729924695,-14.45134631944046,-0.9615519457416317,20.15149006268632
SHORT,MACD_HIST_5M,TIME_EXIT,34,0.10372615244705533,0.19179611129555862,-12.585597880761517,-4.5627748037202895,1.245945948118122,9.998595934656453
SHORT,MACD_CHANGE_1,WIN,120,-4.537950882448787,-2.8869313539355055,-7.345519227525079,-3.6662178158963004,-2.044695832548388,-1.0426106834934938
SHORT,MACD_CHANGE_1,LOSS,106,-4.49175429522398,-3.284936403983079,-7.131101294532186,-4.366973683187382,-2.6731229891384203,-1.4078604999089839
SHORT,MACD_CHANGE_1,TIME_EXIT,34,-2.588784609037888,-1.2613430461455817,-3.7917837680445476,-1.5365011281209249,-0.9720718773135512,-0.4860300743068826
SHORT,MACD_CHANGE_3,WIN,120,-16.114443529904438,-12.121445346728304,-30.397116754335663,-15.011341447246398,-9.837911706366894,-3.4717664861200492
SHORT,MACD_CHANGE_3,LOSS,106,-14.352820933865598,-10.445485212526535,-30.097603332291214,-15.544202669316306,-9.33117904510523,0.5479666902940465
SHORT,MACD_CHANGE_3,TIME_EXIT,34,-6.27118515157502,-4.0068733448832,-12.455959473536089,-6.017611694646427,-2.3797708541927287,-0.39936683651501936
SHORT,EMA_DISTANCE_PCT,WIN,120,-0.29149633473254916,-0.23045338188226455,-0.4864771426953612,-0.2682012592180235,-0.17039523520577415,-0.08166754072804124
SHORT,EMA_DISTANCE_PCT,LOSS,106,-0.30883345113971905,-0.2112376336422386,-0.5084159216307063,-0.27330417460128476,-0.14207851787540457,-0.0753642222387084
SHORT,EMA_DISTANCE_PCT,TIME_EXIT,34,-0.1044355496145377,-0.06916716437170134,-0.12011796535092782,-0.07494421098716914,-0.059200172930920385,-0.029484137536918413
SHORT,EMA20_SLOPE_1,WIN,120,-0.023390852968329934,-0.01747797533326878,-0.034672712376888626,-0.02182012089151586,-0.014844887861120704,-0.006325208928614767
SHORT,EMA20_SLOPE_1,LOSS,106,-0.02548505426560672,-0.021782139741394202,-0.038193505324812804,-0.0261190168719172,-0.015357051582953751,-0.006808838303562492
SHORT,EMA20_SLOPE_1,TIME_EXIT,34,-0.00844597623527242,-0.006141172250989646,-0.014556352389483163,-0.007740544134786642,-0.004500210826177131,-0.0017280010529296952
SHORT,EMA20_SLOPE_3,WIN,120,-0.06739668567528548,-0.04924691966755046,-0.10245747536749228,-0.06104941015643073,-0.03850918452218411,-0.01923068661319638
SHORT,EMA20_SLOPE_3,LOSS,106,-0.07072085660000237,-0.05836210226823346,-0.1032475421451795,-0.0718497929501627,-0.04167383213118381,-0.018368870755547384
SHORT,EMA20_SLOPE_3,TIME_EXIT,34,-0.020677324111874913,-0.01606344819392036,-0.032766430215127595,-0.02213329578210965,-0.010498476155540448,-0.003260467042836001
SHORT,H1_EMA_DISTANCE_PCT,WIN,120,-0.8525426475099896,-0.6205097025801576,-1.4102430154262797,-0.7455799005145387,-0.4607043482151926,-0.3273162741617412
SHORT,H1_EMA_DISTANCE_PCT,LOSS,106,-0.858619821317455,-0.6416970194403122,-1.3677658255574197,-0.7343814472795127,-0.4735410142294694,-0.30283385241982813
SHORT,H1_EMA_DISTANCE_PCT,TIME_EXIT,34,-0.1700061495923214,-0.08345116977056209,-0.3024589329800024,-0.11831340242541416,-0.08072517410416909,-0.04965299702997095
SHORT,MACD_HIST_1H,WIN,120,-135.7739646222353,-103.27120736206504,-211.41309393879604,-138.38802223608104,-81.49999889363211,-37.155966893271746
SHORT,MACD_HIST_1H,LOSS,106,-157.98252141758198,-142.31249138613626,-235.84017178207273,-177.47853511129279,-94.06506218999652,-51.13946320123887
SHORT,MACD_HIST_1H,TIME_EXIT,34,-88.74716485083422,-39.263636544458514,-177.0246644167568,-89.97124435984685,-24.216934681907567,-11.746249629582998
SHORT,BB_POSITION,WIN,120,0.2737754476648045,0.2638829062006123,0.14205057395055073,0.20623487477298075,0.30268543256707425,0.4165645305976386
SHORT,BB_POSITION,LOSS,106,0.24855269319507706,0.2208468024648558,0.09706946038746363,0.17312576489230114,0.26807021483983157,0.39947343081061104
SHORT,BB_POSITION,TIME_EXIT,34,0.32846428084424945,0.32431068667199203,0.17255401151750133,0.28860099230304537,0.3609270325158106,0.49378829945632663
SHORT,BB_WIDTH_PCT,WIN,120,0.850076766790726,0.7132226579700687,0.38761749410420165,0.6032479194779565,0.7785363374039124,1.1511160836559948
SHORT,BB_WIDTH_PCT,LOSS,106,0.9205883106548968,0.8179951535966206,0.3511858028136557,0.6632199940083652,0.8920414131426083,1.3092359613249904
SHORT,BB_WIDTH_PCT,TIME_EXIT,34,0.3655208476053378,0.2669974183697449,0.19407796630527788,0.24003182070076579,0.3177964818029222,0.5870793318564052
SHORT,VOLUME_RATIO,WIN,120,0.7677642387006569,0.6295228187017106,0.4230406779929665,0.5577039770864727,0.7430933014059017,0.9836723128098065
SHORT,VOLUME_RATIO,LOSS,106,0.8446175975446303,0.7264059020431761,0.47538950268248764,0.6264211540022403,0.7789506205902367,1.0829971486095842
SHORT,VOLUME_RATIO,TIME_EXIT,34,0.8713918194304447,0.7190611339981434,0.5025057091956007,0.6635491189584943,0.8437864251368138,1.3245135983457945
SHORT,POC_DISTANCE_PCT,WIN,120,0.20724468603992693,0.11931621682800012,0.04792352601093522,0.09230111383171957,0.1500598607610401,0.3024323760786328
SHORT,POC_DISTANCE_PCT,LOSS,106,0.24544319037133944,0.15372795173392242,0.04548078956845709,0.11732386373408583,0.23207646560346085,0.38228517959363634
SHORT,POC_DISTANCE_PCT,TIME_EXIT,34,0.08541252474222032,0.07109626715134393,0.01770704142858783,0.044594812969364475,0.0911297661027246,0.1382134506068058
SHORT,LOWER_WICK_RATIO,WIN,120,0.11514337848331925,0.09202826272401565,0.00020811654527746592,0.04214285465734146,0.1378324241556168,0.20461781054289413
SHORT,LOWER_WICK_RATIO,LOSS,106,0.13384034687214963,0.10662237529619353,0.020007846214223798,0.0673817381738163,0.1554054054054054,0.24046354418153543
SHORT,LOWER_WICK_RATIO,TIME_EXIT,34,0.06213388526013267,0.0046888077304067105,0.0,0.0018166776121390394,0.007049894065642755,0.12710874174544162
SHORT,UPPER_WICK_RATIO,WIN,120,0.6076337298810136,0.6079463492109898,0.4300099320068769,0.5659096165343687,0.6474841297819226,0.7741342686360633
SHORT,UPPER_WICK_RATIO,LOSS,106,0.5669506176542322,0.5664039656835792,0.44438415626695693,0.5161473087818614,0.5965483555844794,0.6711568938193269
SHORT,UPPER_WICK_RATIO,TIME_EXIT,34,0.6410910197251853,0.6547556642787451,0.4574384192804398,0.5760657001560232,0.7007558139534541,0.7786348020910192
SHORT,BODY_RATIO,WIN,120,0.2772228916356672,0.26005654056856825,0.11542491253679958,0.21752095104154148,0.3264805954952137,0.4246380407459732
SHORT,BODY_RATIO,LOSS,106,0.29920903547361827,0.3078699890451003,0.1561119293079047,0.2667910447760452,0.3450492927561252,0.43286573146288404
SHORT,BODY_RATIO,TIME_EXIT,34,0.2967750950146819,0.2920547648540629,0.13529278902466485,0.24944227097008667,0.3198057478845323,0.45162871795606774
SHORT,CLOSE_POSITION,WIN,120,0.16181251344480632,0.15395594785173644,0.010663474625255475,0.11170798706061058,0.1813066485753152,0.3082114336141847
SHORT,CLOSE_POSITION,LOSS,106,0.16418069066793986,0.14116272237915467,0.02456418383511363,0.09047619047621028,0.1967159277503914,0.3025210084033656
SHORT,CLOSE_POSITION,TIME_EXIT,34,0.09194223471404298,0.03514569513771332,0.00015495867767242205,0.006410256410627145,0.09852205889728351,0.18087298747772057
SHORT,RANGE_PCT,WIN,120,0.23329201253832074,0.2030486054528724,0.11919703605816313,0.1718237937352663,0.2346162667291932,0.3206980129149079
SHORT,RANGE_PCT,LOSS,106,0.26514049298467873,0.2291216212784098,0.11583194747898648,0.18720705239702204,0.2607327405959552,0.37904165508272836
SHORT,RANGE_PCT,TIME_EXIT,34,0.09661708328242699,0.0726581351589353,0.043075117046570445,0.058180434302600816,0.08429052063340374,0.137429642726068
