FOLD,CONFIG_ID,CANDIDATE,SIDE,VOL_REGIME,TREND_STRENGTH,TP_ATR,SL_ATR,TRAIN_START,TRAIN_END,TEST_START,TEST_END,TRAIN_TRADES,TRAIN_WIN_RATE_%,TRAIN_NET_AVG_%,TRAIN_PF,TEST_TRADES,TEST_DECISIVE,TEST_WINS,TEST_LOSSES,TEST_TIME_EXITS,TEST_WIN_RATE_%,TEST_NET_AVG_%,TEST_TOTAL_NET_%,TEST_PF,TEST_MAX_DD_%
1,V18_LONG_NORMAL_MEDIUM_TP2.00_SL0.75,V18_LONG_NORMAL_MEDIUM,LONG,NORMAL_VOL,MEDIUM,2.0,0.75,2025-10-07 00:00:00+00:00,2026-02-04 00:00:00+00:00,2026-02-04 00:00:00+00:00,2026-03-06 00:00:00+00:00,80,34.18,-0.0519,0.6597,19,19,3,16,0,15.79,-0.1801,-3.421,0.2876,3.6586
1,V18_LONG_NORMAL_MEDIUM_TP1.50_SL0.75,V18_LONG_NORMAL_MEDIUM,LONG,NORMAL_VOL,MEDIUM,1.5,0.75,2025-10-07 00:00:00+00:00,2026-02-04 00:00:00+00:00,2026-02-04 00:00:00+00:00,2026-03-06 00:00:00+00:00,80,41.25,-0.0597,0.568,19,19,4,15,0,21.05,-0.1682,-3.1956,0.2877,3.1689
1,V18_LONG_NORMAL_MEDIUM_TP2.00_SL1.00,V18_LONG_NORMAL_MEDIUM,LONG,NORMAL_VOL,MEDIUM,2.0,1.0,2025-10-07 00:00:00+00:00,2026-02-04 00:00:00+00:00,2026-02-04 00:00:00+00:00,2026-03-06 00:00:00+00:00,80,37.18,-0.0608,0.6436,19,19,4,15,0,21.05,-0.1926,-3.66,0.3337,4.2099
1,V18_SHORT_HIGH_STRONG_TP1.75_SL0.75,V18_SHORT_HIGH_STRONG,SHORT,HIGH_VOL,STRONG,1.75,0.75,2025-10-07 00:00:00+00:00,2026-02-04 00:00:00+00:00,2026-02-04 00:00:00+00:00,2026-03-06 00:00:00+00:00,291,41.24,0.0024,1.0116,45,45,16,29,0,35.56,0.0094,0.4215,1.0298,7.1446
1,V18_SHORT_HIGH_STRONG_TP1.50_SL1.50,V18_SHORT_HIGH_STRONG,SHORT,HIGH_VOL,STRONG,1.5,1.5,2025-10-07 00:00:00+00:00,2026-02-04 00:00:00+00:00,2026-02-04 00:00:00+00:00,2026-03-06 00:00:00+00:00,291,57.89,0.001,1.0044,45,45,24,21,0,53.33,-0.0219,-0.9861,0.9468,8.7892
1,V18_SHORT_HIGH_STRONG_TP1.75_SL1.25,V18_SHORT_HIGH_STRONG,SHORT,HIGH_VOL,STRONG,1.75,1.25,2025-10-07 00:00:00+00:00,2026-02-04 00:00:00+00:00,2026-02-04 00:00:00+00:00,2026-03-06 00:00:00+00:00,291,50.69,-0.0001,0.9996,45,45,20,25,0,44.44,-0.0088,-0.3972,0.9785,8.6549
2,V18_LONG_NORMAL_MEDIUM_TP2.00_SL0.75,V18_LONG_NORMAL_MEDIUM,LONG,NORMAL_VOL,MEDIUM,2.0,0.75,2025-11-06 00:00:00+00:00,2026-03-06 00:00:00+00:00,2026-03-06 00:00:00+00:00,2026-04-05 00:00:00+00:00,86,34.12,-0.0581,0.6459,36,36,11,25,0,30.56,-0.0783,-2.8171,0.5911,3.812
2,V18_LONG_NORMAL_MEDIUM_TP2.00_SL1.00,V18_LONG_NORMAL_MEDIUM,LONG,NORMAL_VOL,MEDIUM,2.0,1.0,2025-11-06 00:00:00+00:00,2026-03-06 00:00:00+00:00,2026-03-06 00:00:00+00:00,2026-04-05 00:00:00+00:00,86,38.1,-0.0626,0.6568,36,36,11,25,0,30.56,-0.1189,-4.2797,0.4875,5.1256
2,V18_LONG_NORMAL_MEDIUM_TP1.00_SL0.75,V18_LONG_NORMAL_MEDIUM,LONG,NORMAL_VOL,MEDIUM,1.0,0.75,2025-11-06 00:00:00+00:00,2026-03-06 00:00:00+00:00,2026-03-06 00:00:00+00:00,2026-04-05 00:00:00+00:00,86,48.84,-0.0701,0.4417,36,36,16,20,0,44.44,-0.0997,-3.5899,0.3603,3.7112
2,V18_SHORT_HIGH_STRONG_TP1.75_SL0.75,V18_SHORT_HIGH_STRONG,SHORT,HIGH_VOL,STRONG,1.75,0.75,2025-11-06 00:00:00+00:00,2026-03-06 00:00:00+00:00,2026-03-06 00:00:00+00:00,2026-04-05 00:00:00+00:00,239,39.75,-0.0037,0.983,24,24,7,17,0,29.17,-0.1064,-2.5545,0.5652,4.2603
2,V18_SHORT_HIGH_STRONG_TP2.00_SL0.75,V18_SHORT_HIGH_STRONG,SHORT,HIGH_VOL,STRONG,2.0,0.75,2025-11-06 00:00:00+00:00,2026-03-06 00:00:00+00:00,2026-03-06 00:00:00+00:00,2026-04-05 00:00:00+00:00,239,34.73,-0.0069,0.9708,24,24,7,17,0,29.17,-0.0823,-1.9761,0.6637,4.0868
2,V18_SHORT_HIGH_STRONG_TP1.50_SL0.75,V18_SHORT_HIGH_STRONG,SHORT,HIGH_VOL,STRONG,1.5,0.75,2025-11-06 00:00:00+00:00,2026-03-06 00:00:00+00:00,2026-03-06 00:00:00+00:00,2026-04-05 00:00:00+00:00,239,43.1,-0.0112,0.9458,24,24,9,15,0,37.5,-0.0653,-1.5671,0.6961,2.8688
3,V18_LONG_NORMAL_STRONG_TP2.00_SL1.50,V18_LONG_NORMAL_STRONG,LONG,NORMAL_VOL,STRONG,2.0,1.5,2025-12-06 00:00:00+00:00,2026-04-05 00:00:00+00:00,2026-04-05 00:00:00+00:00,2026-05-05 00:00:00+00:00,75,46.67,-0.067,0.6651,55,53,28,25,2,52.83,-0.0384,-2.1095,0.7633,3.4031
3,V18_LONG_NORMAL_STRONG_TP1.75_SL1.50,V18_LONG_NORMAL_STRONG,LONG,NORMAL_VOL,STRONG,1.75,1.5,2025-12-06 00:00:00+00:00,2026-04-05 00:00:00+00:00,2026-04-05 00:00:00+00:00,2026-05-05 00:00:00+00:00,75,49.33,-0.0767,0.5995,55,55,33,22,0,60.0,-0.0267,-1.4681,0.8138,2.493
3,V18_LONG_NORMAL_STRONG_TP2.00_SL1.25,V18_LONG_NORMAL_STRONG,LONG,NORMAL_VOL,STRONG,2.0,1.25,2025-12-06 00:00:00+00:00,2026-04-05 00:00:00+00:00,2026-04-05 00:00:00+00:00,2026-05-05 00:00:00+00:00,75,41.33,-0.078,0.599,55,53,26,27,2,49.06,-0.0373,-2.0517,0.7567,3.7571
3,V18_SHORT_STRONG_TREND_TP2.00_SL1.50,V18_SHORT_STRONG_TREND,SHORT,,STRONG,2.0,1.5,2025-12-06 00:00:00+00:00,2026-04-05 00:00:00+00:00,2026-04-05 00:00:00+00:00,2026-05-05 00:00:00+00:00,486,52.19,-0.0418,0.8151,24,24,5,19,0,20.83,-0.2386,-5.7266,0.1298,5.4951
4,V18_LONG_NORMAL_STRONG_TP1.50_SL1.50,V18_LONG_NORMAL_STRONG,LONG,NORMAL_VOL,STRONG,1.5,1.5,2026-01-05 00:00:00+00:00,2026-05-05 00:00:00+00:00,2026-05-05 00:00:00+00:00,2026-06-04 00:00:00+00:00,96,59.38,-0.0498,0.6776,21,21,14,7,0,66.67,-0.0249,-0.5234,0.7598,1.3921
4,V18_LONG_NORMAL_STRONG_TP1.75_SL1.25,V18_LONG_NORMAL_STRONG,LONG,NORMAL_VOL,STRONG,1.75,1.25,2026-01-05 00:00:00+00:00,2026-05-05 00:00:00+00:00,2026-05-05 00:00:00+00:00,2026-06-04 00:00:00+00:00,96,51.04,-0.0507,0.6898,21,21,11,10,0,52.38,-0.0517,-1.0849,0.61,2.057
4,V18_LONG_NORMAL_STRONG_TP1.75_SL1.50,V18_LONG_NORMAL_STRONG,LONG,NORMAL_VOL,STRONG,1.75,1.5,2026-01-05 00:00:00+00:00,2026-05-05 00:00:00+00:00,2026-05-05 00:00:00+00:00,2026-06-04 00:00:00+00:00,96,54.17,-0.051,0.7048,21,21,13,8,0,61.9,-0.0235,-0.4933,0.8027,1.4654
4,V18_SHORT_NORMAL_STRONG_TP2.00_SL1.50,V18_SHORT_NORMAL_STRONG,SHORT,NORMAL_VOL,STRONG,2.0,1.5,2026-01-05 00:00:00+00:00,2026-05-05 00:00:00+00:00,2026-05-05 00:00:00+00:00,2026-06-04 00:00:00+00:00,127,51.59,-0.0114,0.9448,35,35,25,10,0,71.43,0.0333,1.164,1.4031,1.3946
4,V18_SHORT_NORMAL_STRONG_TP2.00_SL1.25,V18_SHORT_NORMAL_STRONG,SHORT,NORMAL_VOL,STRONG,2.0,1.25,2026-01-05 00:00:00+00:00,2026-05-05 00:00:00+00:00,2026-05-05 00:00:00+00:00,2026-06-04 00:00:00+00:00,127,46.03,-0.0181,0.9092,35,35,23,12,0,65.71,0.0171,0.598,1.1922,1.5053
4,V18_SHORT_NORMAL_STRONG_TP1.75_SL1.50,V18_SHORT_NORMAL_STRONG,SHORT,NORMAL_VOL,STRONG,1.75,1.5,2026-01-05 00:00:00+00:00,2026-05-05 00:00:00+00:00,2026-05-05 00:00:00+00:00,2026-06-04 00:00:00+00:00,127,53.54,-0.0297,0.8517,35,35,25,10,0,71.43,0.0098,0.3431,1.1188,1.3946
5,V18_LONG_NORMAL_STRONG_TP2.00_SL1.50,V18_LONG_NORMAL_STRONG,LONG,NORMAL_VOL,STRONG,2.0,1.5,2026-02-04 00:00:00+00:00,2026-06-04 00:00:00+00:00,2026-06-04 00:00:00+00:00,2026-07-04 00:00:00+00:00,100,54.08,-0.0283,0.8342,27,27,8,19,0,29.63,-0.1991,-5.3758,0.259,5.498
5,V18_LONG_NORMAL_STRONG_TP1.75_SL1.50,V18_LONG_NORMAL_STRONG,LONG,NORMAL_VOL,STRONG,1.75,1.5,2026-02-04 00:00:00+00:00,2026-06-04 00:00:00+00:00,2026-06-04 00:00:00+00:00,2026-07-04 00:00:00+00:00,100,59.0,-0.0302,0.8079,27,27,8,19,0,29.63,-0.2115,-5.711,0.2128,5.6626
5,V18_LONG_NORMAL_STRONG_TP1.50_SL1.50,V18_LONG_NORMAL_STRONG,LONG,NORMAL_VOL,STRONG,1.5,1.5,2026-02-04 00:00:00+00:00,2026-06-04 00:00:00+00:00,2026-06-04 00:00:00+00:00,2026-07-04 00:00:00+00:00,100,64.0,-0.031,0.778,27,27,8,19,0,29.63,-0.2239,-6.0456,0.1667,5.8669
5,V18_SHORT_NORMAL_STRONG_TP2.00_SL1.25,V18_SHORT_NORMAL_STRONG,SHORT,NORMAL_VOL,STRONG,2.0,1.25,2026-02-04 00:00:00+00:00,2026-06-04 00:00:00+00:00,2026-06-04 00:00:00+00:00,2026-07-04 00:00:00+00:00,123,54.1,0.0168,1.0972,29,29,5,24,0,17.24,-0.25,-7.2513,0.1609,6.9114
5,V18_SHORT_NORMAL_STRONG_TP2.00_SL1.50,V18_SHORT_NORMAL_STRONG,SHORT,NORMAL_VOL,STRONG,2.0,1.5,2026-02-04 00:00:00+00:00,2026-06-04 00:00:00+00:00,2026-06-04 00:00:00+00:00,2026-07-04 00:00:00+00:00,123,57.38,0.0116,1.0626,29,29,5,24,0,17.24,-0.293,-8.4958,0.1406,8.108
5,V18_SHORT_HIGH_STRONG_TP2.00_SL1.50,V18_SHORT_HIGH_STRONG,SHORT,HIGH_VOL,STRONG,2.0,1.5,2026-02-04 00:00:00+00:00,2026-06-04 00:00:00+00:00,2026-06-04 00:00:00+00:00,2026-07-04 00:00:00+00:00,186,54.4,0.0054,1.0208,37,34,13,21,3,38.24,-0.1675,-6.1991,0.5721,9.3178
6,V18_LONG_NORMAL_MEDIUM_TP2.00_SL0.75,V18_LONG_NORMAL_MEDIUM,LONG,NORMAL_VOL,MEDIUM,2.0,0.75,2026-03-06 00:00:00+00:00,2026-07-04 00:00:00+00:00,2026-07-04 00:00:00+00:00,2026-08-03 00:00:00+00:00,109,34.86,-0.0576,0.6416,17,17,3,14,0,17.65,-0.1422,-2.4174,0.2192,2.2028
6,V18_LONG_NORMAL_MEDIUM_TP1.75_SL0.75,V18_LONG_NORMAL_MEDIUM,LONG,NORMAL_VOL,MEDIUM,1.75,0.75,2026-03-06 00:00:00+00:00,2026-07-04 00:00:00+00:00,2026-07-04 00:00:00+00:00,2026-08-03 00:00:00+00:00,109,36.7,-0.0665,0.5744,17,17,4,13,0,23.53,-0.1287,-2.1876,0.2431,2.1195
6,V18_LONG_NORMAL_MEDIUM_TP1.50_SL0.75,V18_LONG_NORMAL_MEDIUM,LONG,NORMAL_VOL,MEDIUM,1.5,0.75,2026-03-06 00:00:00+00:00,2026-07-04 00:00:00+00:00,2026-07-04 00:00:00+00:00,2026-08-03 00:00:00+00:00,109,38.53,-0.0756,0.501,17,17,5,12,0,29.41,-0.1162,-1.9747,0.2596,1.8714
6,V18_SHORT_HIGH_STRONG_TP2.00_SL1.50,V18_SHORT_HIGH_STRONG,SHORT,HIGH_VOL,STRONG,2.0,1.5,2026-03-06 00:00:00+00:00,2026-07-04 00:00:00+00:00,2026-07-04 00:00:00+00:00,2026-08-03 00:00:00+00:00,178,54.07,-0.0254,0.8897,15,14,2,12,1,14.29,-0.3043,-4.5644,0.1142,4.1295
6,V18_SHORT_HIGH_STRONG_TP1.75_SL1.50,V18_SHORT_HIGH_STRONG,SHORT,HIGH_VOL,STRONG,1.75,1.5,2026-03-06 00:00:00+00:00,2026-07-04 00:00:00+00:00,2026-07-04 00:00:00+00:00,2026-08-03 00:00:00+00:00,178,56.07,-0.0434,0.8053,15,14,3,11,1,21.43,-0.2567,-3.851,0.1771,3.4161
6,V18_SHORT_HIGH_STRONG_TP1.25_SL1.50,V18_SHORT_HIGH_STRONG,SHORT,HIGH_VOL,STRONG,1.25,1.5,2026-03-06 00:00:00+00:00,2026-07-04 00:00:00+00:00,2026-07-04 00:00:00+00:00,2026-08-03 00:00:00+00:00,178,63.48,-0.0473,0.7456,15,15,5,10,0,33.33,-0.2165,-3.2477,0.1949,2.8128
7,V18_LONG_NORMAL_MEDIUM_TP2.00_SL0.75,V18_LONG_NORMAL_MEDIUM,LONG,NORMAL_VOL,MEDIUM,2.0,0.75,2026-04-05 00:00:00+00:00,2026-08-03 00:00:00+00:00,2026-08-03 00:00:00+00:00,2026-09-02 00:00:00+00:00,90,33.33,-0.0653,0.5716,32,32,9,23,0,28.12,-0.098,-3.1356,0.3277,2.9432
7,V18_LONG_NORMAL_MEDIUM_TP1.75_SL0.75,V18_LONG_NORMAL_MEDIUM,LONG,NORMAL_VOL,MEDIUM,1.75,0.75,2026-04-05 00:00:00+00:00,2026-08-03 00:00:00+00:00,2026-08-03 00:00:00+00:00,2026-09-02 00:00:00+00:00,90,35.56,-0.072,0.5122,32,32,10,22,0,31.25,-0.0935,-2.9908,0.3248,2.7984
7,V18_LONG_NORMAL_MEDIUM_TP1.50_SL0.75,V18_LONG_NORMAL_MEDIUM,LONG,NORMAL_VOL,MEDIUM,1.5,0.75,2026-04-05 00:00:00+00:00,2026-08-03 00:00:00+00:00,2026-08-03 00:00:00+00:00,2026-09-02 00:00:00+00:00,90,36.67,-0.0838,0.4227,32,32,11,21,0,34.38,-0.0942,-3.0144,0.2859,2.822
7,V18_SHORT_HIGH_STRONG_TP2.00_SL1.50,V18_SHORT_HIGH_STRONG,SHORT,HIGH_VOL,STRONG,2.0,1.5,2026-04-05 00:00:00+00:00,2026-08-03 00:00:00+00:00,2026-08-03 00:00:00+00:00,2026-09-02 00:00:00+00:00,169,50.31,-0.0642,0.7313,9,8,2,6,1,25.0,-0.1652,-1.4865,0.2263,1.2229
7,V18_SHORT_HIGH_STRONG_TP1.75_SL1.50,V18_SHORT_HIGH_STRONG,SHORT,HIGH_VOL,STRONG,1.75,1.5,2026-04-05 00:00:00+00:00,2026-08-03 00:00:00+00:00,2026-08-03 00:00:00+00:00,2026-09-02 00:00:00+00:00,169,53.05,-0.0724,0.6826,9,8,2,6,1,25.0,-0.174,-1.5661,0.1849,1.2518
7,V18_SHORT_HIGH_STRONG_TP1.25_SL1.50,V18_SHORT_HIGH_STRONG,SHORT,HIGH_VOL,STRONG,1.25,1.5,2026-04-05 00:00:00+00:00,2026-08-03 00:00:00+00:00,2026-08-03 00:00:00+00:00,2026-09-02 00:00:00+00:00,169,59.76,-0.0776,0.6041,9,9,4,5,0,44.44,-0.1311,-1.1799,0.2409,0.969
8,V18_LONG_HIGH_STRONG_TP1.50_SL1.25,V18_LONG_HIGH_STRONG,LONG,HIGH_VOL,STRONG,1.5,1.25,2026-05-05 00:00:00+00:00,2026-09-02 00:00:00+00:00,2026-09-02 00:00:00+00:00,2026-10-02 00:00:00+00:00,117,50.43,-0.0684,0.6672,75,75,37,38,0,49.33,-0.0577,-4.3308,0.6985,7.7278
8,V18_LONG_HIGH_STRONG_TP1.25_SL1.25,V18_LONG_HIGH_STRONG,LONG,HIGH_VOL,STRONG,1.25,1.25,2026-05-05 00:00:00+00:00,2026-09-02 00:00:00+00:00,2026-09-02 00:00:00+00:00,2026-10-02 00:00:00+00:00,117,53.85,-0.0776,0.5941,75,75,42,33,0,56.0,-0.0441,-3.3043,0.7293,6.4797
8,V18_LONG_HIGH_STRONG_TP1.50_SL1.50,V18_LONG_HIGH_STRONG,LONG,HIGH_VOL,STRONG,1.5,1.5,2026-05-05 00:00:00+00:00,2026-09-02 00:00:00+00:00,2026-09-02 00:00:00+00:00,2026-10-02 00:00:00+00:00,117,52.99,-0.0818,0.6371,75,74,44,30,1,59.46,-0.0122,-0.915,0.9283,5.3773
