BLOCK,CANDIDATE,SIGNALS,WINS,LOSSES,NEUTRAL,DECISIVE,WIN_RATE_%,AVG_RETURN_%
1,V3_BASE,29,9,5,15,14,64.29,0.0685
1,BASE_SUPPORT075,21,7,4,10,11,63.64,0.0697
1,BASE_CLOSE_TOP30,27,8,5,14,13,61.54,0.04
1,BASE_CLOSE_TOP_HALF,29,9,5,15,14,64.29,0.0685
2,V3_BASE,22,6,2,14,8,75.0,0.2949
2,BASE_SUPPORT075,19,5,2,12,7,71.43,0.304
2,BASE_CLOSE_TOP30,20,5,2,13,7,71.43,0.2683
2,BASE_CLOSE_TOP_HALF,21,5,2,14,7,71.43,0.2536
3,V3_BASE,31,8,2,21,10,80.0,0.4293
3,BASE_SUPPORT075,24,4,2,18,6,66.67,0.2216
3,BASE_CLOSE_TOP30,22,6,1,15,7,85.71,0.388
3,BASE_CLOSE_TOP_HALF,28,7,1,20,8,87.5,0.4686
4,V3_BASE,28,9,5,14,14,64.29,0.2085
4,BASE_SUPPORT075,16,7,1,8,8,87.5,0.6307
4,BASE_CLOSE_TOP30,20,8,4,8,12,66.67,0.2571
4,BASE_CLOSE_TOP_HALF,25,9,5,11,14,64.29,0.2139
