SYMBOL,SIGNAL,ENTRY_TIME,ENTRY_PRICE,HISTORICAL_MATCH,CONFIRMATIONS,PASSED,PRICE_15M,RETURN_15M_%,PRICE_30M,RETURN_30M_%,PRICE_1H,RETURN_1H_%,PRICE_4H,RETURN_4H_%,MAX_PROFIT_4H_%,MAX_LOSS_4H_%,RESULT_4H
CAKEUSDT,SELL,2026-10-06T04:20:00+00:00,2.447,83.8,4,"RSI, EMA, BB, POC",2.447,0.0,2.452,-0.2043,2.451,-0.1635,,,0.5721,-0.4495,PENDING
FETUSDT,SELL,2026-10-06T04:20:00+00:00,0.2507,76.3,4,"RSI, EMA, VOLUME, POC",0.2528,-0.8377,0.2526,-0.7579,0.2516,-0.359,,,1.9545,-1.5955,PENDING
ICPUSDT,SELL,2026-10-06T04:20:00+00:00,3.497,71.4,4,"RSI, EMA, VOLUME, POC",3.502,-0.143,3.49,0.2002,3.491,0.1716,,,1.3154,-0.4289,PENDING
RLCUSDT,SELL,2026-10-06T04:20:00+00:00,0.7063,71.3,5,"RSI, MACD, EMA, BB, POC",0.6936,1.7981,0.7528,-6.5836,0.9149,-29.5342,,,3.0016,-33.5693,PENDING
WLDUSDT,SELL,2026-10-06T04:55:00+00:00,0.5702,90.4,4,"RSI, EMA, VOLUME, POC",0.5678,0.4209,0.5626,1.3329,0.562,1.4381,,,2.5605,-0.0351,PENDING
TRBUSDT,SELL,2026-10-06T04:55:00+00:00,19.98,86.9,4,"RSI, EMA, VOLUME, POC",20.05,-0.3504,20.14,-0.8008,20.13,-0.7508,,,0.0,-1.3013,PENDING
BCHUSDT,SELL,2026-10-06T04:55:00+00:00,314.56,85.6,4,"RSI, EMA, BB, POC",,,,,,,,,,,PENDING
SUIUSDT,SELL,2026-10-06T04:55:00+00:00,1.1946,83.7,4,"RSI, EMA, VOLUME, POC",1.1946,0.0,1.1961,-0.1256,1.191,0.3014,,,1.0799,-0.2762,PENDING
MOVRUSDT,SELL,2026-10-06T04:55:00+00:00,1.923,81.0,4,"RSI, EMA, BB, POC",1.918,0.26,1.885,1.9761,1.854,3.5881,,,4.7322,-0.884,PENDING
UNIUSDT,SELL,2026-10-06T04:55:00+00:00,8.878,77.9,4,"RSI, EMA, BB, POC",8.876,0.0225,8.874,0.0451,8.848,0.3379,,,1.4192,-0.1577,PENDING
SOLUSDT,SELL,2026-10-06T05:05:00+00:00,120.06,85.7,4,"RSI, EMA, BB, POC",120.03,0.025,120.11,-0.0416,119.45,0.5081,,,0.6997,-0.2415,PENDING
HYPEUSDT,SELL,2026-10-06T05:05:00+00:00,93.355,78.4,4,"RSI, EMA, BB, POC",,,,,,,,,,,PENDING
ETHUSDT,SELL,2026-10-06T05:25:00+00:00,2703.37,87.2,4,"RSI, EMA, VOLUME, POC",2703.2,0.0063,2700.79,0.0954,2694.16,0.3407,,,0.4798,-0.0425,PENDING
HYPEUSDT,SELL,2026-10-06T05:25:00+00:00,93.333,82.1,4,"RSI, EMA, BB, POC",,,,,,,,,,,PENDING
SOLUSDT,SELL,2026-10-06T05:40:00+00:00,120.12,86.8,4,"RSI, EMA, BB, POC",119.79,0.2747,119.32,0.666,119.75,0.308,,,0.7493,-0.0083,PENDING
ULTIMAUSDT,SELL,2026-10-06T05:40:00+00:00,1618.4,80.4,4,"RSI, EMA, VOLUME, POC",,,,,,,,,,,PENDING
HYPEUSDT,SELL,2026-10-06T05:40:00+00:00,93.309,78.5,4,"RSI, EMA, BB, POC",,,,,,,,,,,PENDING
VIRTUALUSDT,SELL,2026-10-06T05:40:00+00:00,0.8478,76.5,4,"RSI, EMA, VOLUME, POC",0.8437,0.4836,0.8385,1.097,0.843,0.5662,,,1.38,-0.1415,PENDING
CAKEUSDT,SELL,2026-10-06T05:40:00+00:00,2.451,75.9,4,"RSI, EMA, VOLUME, POC",2.443,0.3264,2.437,0.5712,2.446,0.204,,,0.7344,0.0408,PENDING
ARUSDT,SELL,2026-10-06T06:10:00+00:00,4.484,83.9,5,"RSI, MACD, EMA, BB, VOLUME",4.491,-0.1561,4.502,-0.4014,,,,,0.2007,-0.6244,PENDING
BSVUSDT,SELL,2026-10-06T06:10:00+00:00,19.94,81.5,6,"RSI, MACD, EMA, BB, VOLUME, POC",,,,,,,,,,,PENDING
ADAUSDT,SELL,2026-10-06T06:10:00+00:00,0.2676,79.5,5,"RSI, MACD, EMA, BB, POC",0.268,-0.1495,0.2691,-0.5605,,,,,0.1495,-1.1958,PENDING
AXSUSDT,SELL,2026-10-06T06:10:00+00:00,1.289,75.3,6,"RSI, MACD, EMA, BB, VOLUME, POC",1.294,-0.3879,1.295,-0.4655,,,,,0.3103,-0.6982,PENDING
RAYUSDT,SELL,2026-10-06T06:10:00+00:00,2.1204,72.6,5,"RSI, MACD, EMA, BB, POC",2.1245,-0.1934,2.126,-0.2641,,,,,0.7074,-0.448,PENDING
MOVRUSDT,SELL,2026-10-06T06:10:00+00:00,1.852,71.8,5,"RSI, EMA, BB, VOLUME, POC",1.854,-0.108,1.848,0.216,,,,,1.0799,-0.324,PENDING
ETHUSDT,SELL,2026-10-06T06:35:00+00:00,2695.56,89.3,4,"RSI, EMA, BB, POC",2698.76,-0.1187,,,,,,,0.0334,-0.1187,PENDING
LINKUSDT,SELL,2026-10-06T06:35:00+00:00,13.805,88.9,4,"RSI, EMA, BB, POC",13.832,-0.1956,,,,,,,0.0362,-0.2535,PENDING
CAKEUSDT,SELL,2026-10-06T06:35:00+00:00,2.442,88.3,4,"RSI, EMA, BB, POC",2.445,-0.1229,,,,,,,0.3276,-0.2457,PENDING
ADAUSDT,SELL,2026-10-06T06:35:00+00:00,0.2687,87.7,4,"RSI, EMA, BB, POC",0.2704,-0.6327,,,,,,,0.0744,-0.7815,PENDING
SOLUSDT,SELL,2026-10-06T06:35:00+00:00,119.73,87.2,4,"RSI, EMA, BB, POC",119.88,-0.1253,,,,,,,0.0752,-0.1503,PENDING
FETUSDT,SELL,2026-10-06T06:35:00+00:00,0.2502,87.2,4,"RSI, EMA, BB, POC",0.249,0.4796,,,,,,,0.7194,-0.1599,PENDING
KCSUSDT,SELL,2026-10-06T06:35:00+00:00,7.595,87.0,5,"RSI, EMA, BB, VOLUME, POC",,,,,,,,,,,PENDING
ORDIUSDT,SELL,2026-10-06T06:35:00+00:00,4.538,86.3,4,"RSI, EMA, BB, POC",4.54,-0.0441,,,,,,,0.1322,-0.2865,PENDING
ETCUSDT,SELL,2026-10-06T06:35:00+00:00,8.85,86.1,4,"RSI, EMA, BB, POC",8.87,-0.226,,,,,,,0.0,-0.339,PENDING
BNBUSDT,SELL,2026-10-06T06:35:00+00:00,779.63,86.0,4,"RSI, EMA, BB, POC",779.54,0.0115,,,,,,,0.0834,-0.0282,PENDING
UNIUSDT,SELL,2026-10-06T06:35:00+00:00,8.808,81.4,4,"RSI, EMA, BB, POC",8.84,-0.3633,,,,,,,0.0681,-0.4541,PENDING
ZECUSDT,SELL,2026-10-06T06:35:00+00:00,1325.43,79.5,5,"RSI, EMA, BB, VOLUME, POC",1325.83,-0.0302,,,,,,,0.1833,-0.1577,PENDING
RAYUSDT,SELL,2026-10-06T06:35:00+00:00,2.1266,78.7,4,"RSI, EMA, BB, POC",2.123,0.1693,,,,,,,0.3856,-0.1552,PENDING
MOVRUSDT,SELL,2026-10-06T06:35:00+00:00,1.856,78.3,4,"RSI, EMA, BB, POC",1.852,0.2155,,,,,,,1.0776,0.0539,PENDING
ZENUSDT,SELL,2026-10-06T06:35:00+00:00,6.94,77.8,5,"RSI, EMA, BB, VOLUME, POC",6.939,0.0144,,,,,,,0.3026,-0.1441,PENDING
COMPUSDT,SELL,2026-10-06T06:35:00+00:00,24.4,76.2,4,"RSI, EMA, BB, VOLUME",24.43,-0.123,,,,,,,0.0,-0.1639,PENDING
ENAUSDT,SELL,2026-10-06T06:35:00+00:00,0.2424,75.9,5,"RSI, EMA, BB, VOLUME, POC",0.2423,0.0413,,,,,,,0.1238,-0.2475,PENDING
AAVEUSDT,SELL,2026-10-06T06:35:00+00:00,180.63,75.4,4,"RSI, EMA, BB, POC",181.64,-0.5592,,,,,,,0.0166,-0.6533,PENDING
ETHUSDT,SELL,2026-10-06T06:55:00+00:00,2697.76,88.1,4,"RSI, EMA, BB, POC",,,,,,,,,,,PENDING
