CANDIDATE,SIDE,RULES,TP_%,SL_%,DISCOVERY_TRADES,DISCOVERY_WIN_RATE_%,DISCOVERY_NET_AVG_RETURN_%,DISCOVERY_PROFIT_FACTOR,SELECTION_TRADES,SELECTION_DECISIVE,SELECTION_WIN_RATE_%,SELECTION_NET_AVG_RETURN_%,SELECTION_PROFIT_FACTOR,SELECTION_WILSON_LOW_%
V16_LONG_R1_R4,LONG,BB_WIDTH_PCT <= 0.365851 AND RANGE_PCT <= 0.122839,0.8,0.5,35,61.54,0.1232,2.2251,32,17,47.06,0.046,1.2289,26.16
V16_LONG_R1_R4,LONG,BB_WIDTH_PCT <= 0.365851 AND RANGE_PCT <= 0.122839,0.8,0.7,35,75.0,0.1469,2.5167,32,11,72.73,0.0439,1.2161,43.43
V16_LONG_R1_R4,LONG,BB_WIDTH_PCT <= 0.365851 AND RANGE_PCT <= 0.122839,0.8,0.6,35,69.23,0.1489,2.5699,32,15,53.33,0.0403,1.195,30.12
V16_SHORT_R3,SHORT,VOLUME_RATIO <= 0.453245,0.8,0.6,52,60.53,0.0644,1.2479,21,17,52.94,0.0391,1.1376,30.96
V16_LONG_R1_R4,LONG,BB_WIDTH_PCT <= 0.365851 AND RANGE_PCT <= 0.122839,0.4,0.7,35,92.59,0.1447,3.0711,32,20,95.0,0.0347,1.2401,76.39
V16_LONG_R1_R4,LONG,BB_WIDTH_PCT <= 0.365851 AND RANGE_PCT <= 0.122839,0.7,0.5,35,66.67,0.1216,2.2091,32,18,50.0,0.0275,1.1371,29.03
V16_LONG_R1_R4,LONG,BB_WIDTH_PCT <= 0.365851 AND RANGE_PCT <= 0.122839,0.7,0.7,35,78.57,0.1425,2.4706,32,12,75.0,0.0254,1.1252,46.77
V16_LONG_R1_R4,LONG,BB_WIDTH_PCT <= 0.365851 AND RANGE_PCT <= 0.122839,0.4,0.6,35,89.29,0.1439,3.0342,32,24,79.17,0.0249,1.1612,59.53
V16_LONG_R1_R4,LONG,BB_WIDTH_PCT <= 0.365851 AND RANGE_PCT <= 0.122839,0.4,0.5,35,85.71,0.1267,2.5982,32,26,73.08,0.0244,1.1571,53.92
V16_LONG_R1_R4,LONG,BB_WIDTH_PCT <= 0.365851 AND RANGE_PCT <= 0.122839,0.7,0.6,35,73.33,0.1445,2.5228,32,16,56.25,0.0218,1.1057,33.18
V16_LONG_R1_R4,LONG,BB_WIDTH_PCT <= 0.365851 AND RANGE_PCT <= 0.122839,0.5,0.7,35,86.36,0.1423,2.5245,32,16,87.5,0.0127,1.0716,63.98
V16_LONG_R1_R4,LONG,BB_WIDTH_PCT <= 0.365851 AND RANGE_PCT <= 0.122839,0.5,0.5,35,78.26,0.1271,2.3102,32,22,63.64,0.0086,1.0473,42.95
V16_LONG_R1_R4,LONG,BB_WIDTH_PCT <= 0.365851 AND RANGE_PCT <= 0.122839,0.6,0.5,35,73.68,0.1449,2.4938,32,20,55.0,0.0073,1.0366,34.21
V16_LONG_R1_R4,LONG,BB_WIDTH_PCT <= 0.365851 AND RANGE_PCT <= 0.122839,0.5,0.6,35,82.61,0.1443,2.5799,32,20,70.0,0.006,1.0327,48.1
V16_LONG_R1_R4,LONG,BB_WIDTH_PCT <= 0.365851 AND RANGE_PCT <= 0.122839,0.6,0.7,35,83.33,0.1629,2.746,32,14,78.57,0.0052,1.0257,52.41
V16_LONG_R1_R4,LONG,BB_WIDTH_PCT <= 0.365851 AND RANGE_PCT <= 0.122839,0.6,0.6,35,78.95,0.1649,2.8063,32,18,61.11,0.0016,1.0079,38.62
V16_SHORT_R3,SHORT,VOLUME_RATIO <= 0.453245,0.8,0.7,52,70.27,0.126,1.5272,21,17,52.94,0.0015,1.0047,30.96
V16_SHORT_R3,SHORT,VOLUME_RATIO <= 0.453245,0.5,0.6,52,75.0,0.0696,1.3689,21,20,60.0,-0.0385,0.8565,38.66
V16_SHORT_R3,SHORT,VOLUME_RATIO <= 0.453245,0.7,0.7,52,71.79,0.105,1.4583,21,17,52.94,-0.042,0.8694,30.96
V16_SHORT_R3,SHORT,VOLUME_RATIO <= 0.453245,0.6,0.7,52,74.36,0.0754,1.3528,21,19,57.89,-0.058,0.8196,36.28
V16_SHORT_R3,SHORT,VOLUME_RATIO <= 0.453245,0.5,0.7,52,79.07,0.0752,1.3941,21,20,60.0,-0.0761,0.7513,38.66
V16_SHORT_R1,SHORT,UPPER_WICK_RATIO >= 0.746261,0.5,0.5,52,73.81,0.0739,1.4429,16,13,46.15,-0.1135,0.6036,23.21
V16_SHORT_R1,SHORT,UPPER_WICK_RATIO >= 0.746261,0.5,0.7,52,84.21,0.0776,1.4542,16,12,50.0,-0.1857,0.4822,25.38
