SYMBOL,SIGNAL,TIME,PRICE,HISTORICAL_MATCH,CONFIRMATIONS,PASSED,RSI14,MACD_HIST,EMA20,EMA50,BB_MIDDLE,VOLUME_RATIO,POC,PRICE_VS_POC_PCT,24H_VOLUME_USDT
MOVRUSDT,BUY,1970-01-01T00:34:51.246000+00:00,2.002,90.8,4,"RSI, EMA, VOLUME, POC",48.99,-0.00014097,2.00617217,1.99962043,2.0076,1.21,1.9994875,0.13,64956061.87
XRPUSDT,BUY,1970-01-01T00:34:51.246000+00:00,1.511,89.0,4,"RSI, EMA, BB, POC",56.01,-3.302e-05,1.5090792,1.50767751,1.50936,0.76,1.4994125,0.77,223028609.59
ZROUSDT,SELL,1970-01-01T00:34:51.246000+00:00,2.132,88.7,4,"RSI, MACD, EMA, VOLUME",51.29,-0.00015647,2.13367403,2.11388627,2.131,1.01,2.064625,3.26,54274469.97
SUIUSDT,BUY,1970-01-01T00:34:51.246000+00:00,1.2149,87.1,5,"RSI, MACD, EMA, BB, POC",48.27,0.00042629,1.21513978,1.21443529,1.214535,0.6,1.19077875,2.03,130208260.33
SOLUSDT,BUY,1970-01-01T00:34:51.246000+00:00,121.04,86.9,5,"RSI, MACD, EMA, BB, POC",56.68,0.01118422,120.8752812,120.7576391,120.857,0.91,120.02725,0.84,23295081420.18
ICPUSDT,BUY,1970-01-01T00:34:51.246000+00:00,3.589,85.7,4,"RSI, EMA, BB, POC",54.52,-0.00026703,3.58497896,3.57240834,3.5836,0.48,3.5529375,1.02,54002091.92
UNIUSDT,BUY,1970-01-01T00:34:51.246000+00:00,9.095,85.6,5,"RSI, MACD, EMA, BB, VOLUME",51.3,0.00406367,9.08771118,9.09325028,9.0806,1.58,9.1025375,-0.08,437811992.79
TRUMPUSDT,SELL,1970-01-01T00:34:51.246000+00:00,2.057,85.4,4,"RSI, EMA, BB, POC",44.46,8.082e-05,2.05832049,2.0590723,2.058,0.35,2.0671625,-0.49,24580303.84
ZECUSDT,SELL,1970-01-01T00:34:51.246000+00:00,1343.36,85.1,4,"RSI, EMA, VOLUME, POC",57.98,0.9527954,1338.31501252,1338.88959582,1337.128,2.01,1347.98875,-0.34,251971402561.54
RENDERUSDT,BUY,1970-01-01T00:34:51.246000+00:00,2.061,84.7,4,"RSI, MACD, EMA, POC",47.23,0.00020472,2.06313682,2.05855478,2.06235,0.83,1.9937875,3.37,18523482.78
BTCUSDT,BUY,1970-01-01T00:34:51.246000+00:00,85954.0,83.6,4,"RSI, MACD, EMA, BB",55.59,1.29638176,85873.34342546,85845.12824641,85885.9545,0.5,85967.355875,-0.02,117676511528784.58
TRBUSDT,BUY,1970-01-01T00:34:51.246000+00:00,20.32,83.6,4,"RSI, EMA, VOLUME, POC",43.42,-0.02449191,20.3977467,20.31664177,20.418,1.27,19.93625,1.92,22196560.67
NMRUSDT,BUY,1970-01-01T00:34:51.246000+00:00,12.04,81.4,4,"RSI, EMA, VOLUME, POC",45.19,-0.01162206,12.06774208,12.0467638,12.085,2.24,11.967875,0.6,16742919.53
AVAXUSDT,BUY,1970-01-01T00:34:51.246000+00:00,11.191,75.5,5,"MACD, EMA, BB, VOLUME, POC",74.67,0.00603962,11.1110986,11.05011954,11.1024,1.49,10.8877125,2.79,407558781.62
