CANDIDATE,SIDE,VOL_REGIME,TREND_STRENGTH,TP_ATR,SL_ATR,TRADES,DECISIVE,WINS,LOSSES,TIME_EXITS,WIN_RATE_%,NET_AVG_RETURN_%,TOTAL_NET_RETURN_%,PROFIT_FACTOR,MAX_DRAWDOWN_%,AVG_MFE_%,AVG_MAE_%
V17_SHORT_HIGH_STRONG,SHORT,HIGH_VOL,STRONG,1.75,1.25,369,366,181,185,3,49.45,-0.0046,-1.6952,0.9828,18.9155,0.5317,-0.3722
V17_SHORT_HIGH_STRONG,SHORT,HIGH_VOL,STRONG,1.5,1.5,369,363,206,157,6,56.75,-0.0063,-2.3361,0.9753,20.4856,0.5224,-0.38
V17_SHORT_HIGH_STRONG,SHORT,HIGH_VOL,STRONG,1.75,0.75,369,369,145,224,0,39.3,-0.0075,-2.7739,0.9659,14.4529,0.4547,-0.2874
V17_SHORT_HIGH_STRONG,SHORT,HIGH_VOL,STRONG,1.5,1.25,369,366,196,170,3,53.55,-0.0081,-2.9952,0.9668,17.3687,0.4926,-0.3508
V17_SHORT_HIGH_STRONG,SHORT,HIGH_VOL,STRONG,1.75,1.5,369,361,189,172,8,52.35,-0.0086,-3.1709,0.9697,21.7794,0.5633,-0.4032
V17_SHORT_HIGH_STRONG,SHORT,HIGH_VOL,STRONG,1.5,0.75,369,369,159,210,0,43.09,-0.0121,-4.4546,0.9414,12.9763,0.4199,-0.2782
V17_SHORT_HIGH_STRONG,SHORT,HIGH_VOL,STRONG,1.25,1.5,369,363,222,141,6,61.16,-0.0127,-4.6973,0.9442,19.7017,0.473,-0.3575
V17_SHORT_HIGH_STRONG,SHORT,HIGH_VOL,STRONG,2.0,1.25,369,363,164,199,6,45.18,-0.0136,-5.0125,0.953,16.4063,0.5721,-0.3918
V17_SHORT_HIGH_STRONG,SHORT,HIGH_VOL,STRONG,1.25,1.25,369,366,213,153,3,58.2,-0.0142,-5.2283,0.9353,17.1342,0.4484,-0.3314
V17_SHORT_HIGH_STRONG,SHORT,HIGH_VOL,STRONG,2.0,1.5,369,358,174,184,11,48.6,-0.0143,-5.2788,0.9532,19.0859,0.6063,-0.4256
V17_SHORT_HIGH_STRONG,SHORT,HIGH_VOL,STRONG,2.0,0.75,369,367,126,241,2,34.33,-0.0188,-6.9393,0.9204,13.3101,0.4874,-0.2995
V17_SHORT_HIGH_STRONG,SHORT,HIGH_VOL,STRONG,1.25,0.75,369,369,174,195,0,47.15,-0.0203,-7.4774,0.8935,12.4831,0.391,-0.2634
V17_SHORT_STRONG_TREND,SHORT,,STRONG,2.0,1.5,819,807,413,394,12,51.18,-0.0259,-21.2185,0.8883,32.3987,0.4755,-0.3154
V17_SHORT_HIGH_STRONG,SHORT,HIGH_VOL,STRONG,1.0,1.5,369,364,239,125,5,65.66,-0.0266,-9.8113,0.8665,16.3511,0.4182,-0.335
V17_SHORT_HIGH_STRONG,SHORT,HIGH_VOL,STRONG,1.75,1.0,369,369,160,209,0,43.36,-0.0269,-9.9082,0.8955,21.3339,0.4845,-0.3246
V17_SHORT_STRONG_TREND,SHORT,,STRONG,1.75,1.5,819,811,439,372,8,54.13,-0.0285,-23.3209,0.8689,40.2136,0.4421,-0.3022
V17_SHORT_STRONG_TREND,SHORT,,STRONG,1.5,1.5,819,813,475,338,6,58.43,-0.0289,-23.686,0.8533,39.2521,0.401,-0.2845
V17_SHORT_HIGH_STRONG,SHORT,HIGH_VOL,STRONG,1.5,1.0,369,369,174,195,0,47.15,-0.031,-11.4403,0.8704,19.4837,0.4482,-0.3109
V17_SHORT_HIGH_STRONG,SHORT,HIGH_VOL,STRONG,1.0,1.25,369,367,230,137,2,62.67,-0.0313,-11.5592,0.8394,16.2181,0.3945,-0.3128
V17_SHORT_STRONG_TREND,SHORT,,STRONG,2.0,1.25,819,812,377,435,7,46.43,-0.0314,-25.743,0.8589,33.1924,0.4438,-0.2901
V17_SHORT_STRONG_TREND,SHORT,,STRONG,1.75,1.25,819,816,404,412,3,49.51,-0.0326,-26.6597,0.8446,39.7362,0.4139,-0.2788
V17_SHORT_NORMAL_STRONG,SHORT,NORMAL_VOL,STRONG,2.0,1.5,248,247,122,125,1,49.39,-0.0326,-8.0858,0.8432,13.3829,0.4217,-0.2828
V17_SHORT_STRONG_TREND,SHORT,,STRONG,1.5,1.25,819,816,439,377,3,53.8,-0.0345,-28.2358,0.8201,38.2452,0.3759,-0.263
V17_SHORT_NORMAL_STRONG,SHORT,NORMAL_VOL,STRONG,2.0,1.25,248,247,111,136,1,44.94,-0.0352,-8.7251,0.8216,13.7762,0.3943,-0.2606
V17_SHORT_STRONG_TREND,SHORT,,STRONG,1.25,1.5,819,813,509,304,6,62.61,-0.0352,-28.7911,0.8006,37.409,0.3592,-0.2689
V17_SHORT_HIGH_STRONG,SHORT,HIGH_VOL,STRONG,1.25,1.0,369,369,189,180,0,51.22,-0.0384,-14.1605,0.8252,17.2,0.4166,-0.2933
V17_SHORT_NORMAL_STRONG,SHORT,NORMAL_VOL,STRONG,1.75,1.5,248,248,131,117,0,52.82,-0.039,-9.6634,0.8001,13.3051,0.39,-0.2751
V17_SHORT_HIGH_STRONG,SHORT,HIGH_VOL,STRONG,1.0,0.75,369,369,190,179,0,51.49,-0.04,-14.7479,0.7725,15.3964,0.3445,-0.2516
V17_SHORT_STRONG_TREND,SHORT,,STRONG,1.25,1.25,819,816,471,345,3,57.72,-0.0423,-34.6156,0.7577,37.146,0.3379,-0.2498
V17_SHORT_HIGH_STRONG,SHORT,HIGH_VOL,STRONG,2.0,1.0,369,367,140,227,2,38.15,-0.0425,-15.6977,0.847,20.2079,0.5208,-0.3433
V17_SHORT_STRONG_TREND,SHORT,,STRONG,1.75,0.75,819,819,307,512,0,37.48,-0.0449,-36.738,0.7532,40.6354,0.343,-0.2164
V17_SHORT_NORMAL_STRONG,SHORT,NORMAL_VOL,STRONG,1.75,1.25,248,248,118,130,0,47.58,-0.0455,-11.291,0.7585,14.3552,0.3683,-0.2549
V17_SHORT_STRONG_TREND,SHORT,,STRONG,2.0,0.75,819,817,281,536,2,34.39,-0.0457,-37.4359,0.7606,38.7804,0.3673,-0.2231
V17_SHORT_STRONG_TREND,SHORT,,STRONG,1.75,1.0,819,819,359,460,0,43.83,-0.0463,-37.923,0.7699,43.8259,0.3772,-0.2439
V17_SHORT_NORMAL_STRONG,SHORT,NORMAL_VOL,STRONG,1.5,1.5,248,248,140,108,0,56.45,-0.0465,-11.5294,0.7419,14.1028,0.337,-0.2606
V17_SHORT_STRONG_TREND,SHORT,,STRONG,1.5,0.75,819,819,339,480,0,41.39,-0.0469,-38.3723,0.7251,40.034,0.3115,-0.2081
V17_SHORT_STRONG_TREND,SHORT,,STRONG,1.5,1.0,819,819,393,426,0,47.99,-0.048,-39.3253,0.7428,42.3141,0.3429,-0.2327
V17_SHORT_STRONG_TREND,SHORT,,STRONG,2.0,1.0,819,817,329,488,2,40.27,-0.0494,-40.466,0.7693,43.2515,0.4044,-0.2543
V17_SHORT_NORMAL_STRONG,SHORT,NORMAL_VOL,STRONG,1.5,1.25,248,248,128,120,0,51.61,-0.0499,-12.3728,0.7135,15.0116,0.3167,-0.2422
V17_SHORT_STRONG_TREND,SHORT,,STRONG,1.0,1.5,819,814,542,272,5,66.58,-0.0499,-40.8979,0.6833,44.9858,0.3187,-0.2526
V17_SHORT_NORMAL_STRONG,SHORT,NORMAL_VOL,STRONG,2.0,1.0,248,248,96,152,0,38.71,-0.0516,-12.7969,0.7289,16.8452,0.3531,-0.2277
V17_SHORT_HIGH_STRONG,SHORT,HIGH_VOL,STRONG,1.0,1.0,369,369,205,164,0,55.56,-0.0536,-19.763,0.7316,20.3522,0.369,-0.2787
V17_SHORT_NORMAL_STRONG,SHORT,NORMAL_VOL,STRONG,1.25,1.5,248,248,149,99,0,60.08,-0.054,-13.3936,0.6693,15.3724,0.2904,-0.2486
V17_SHORT_STRONG_TREND,SHORT,,STRONG,1.25,0.75,819,819,368,451,0,44.93,-0.0543,-44.4745,0.66,45.1191,0.2844,-0.1981
V17_SHORT_STRONG_TREND,SHORT,,STRONG,1.25,1.0,819,819,422,397,0,51.53,-0.0566,-46.3424,0.6738,47.8167,0.3127,-0.2212
V17_SHORT_STRONG_TREND,SHORT,,STRONG,1.0,1.25,819,817,507,310,2,62.06,-0.0569,-46.5852,0.6399,47.6259,0.3004,-0.2354
V17_SHORT_NORMAL_STRONG,SHORT,NORMAL_VOL,STRONG,1.75,1.0,248,248,103,145,0,41.53,-0.0586,-14.5325,0.678,17.9251,0.3296,-0.2226
V17_LONG_NORMAL_STRONG,LONG,NORMAL_VOL,STRONG,1.5,1.5,211,211,122,89,0,57.82,-0.0609,-12.8564,0.6307,13.7478,0.2853,-0.2215
V17_SHORT_NORMAL_STRONG,SHORT,NORMAL_VOL,STRONG,1.5,1.0,248,248,113,135,0,45.56,-0.061,-15.1188,0.6403,18.0298,0.2828,-0.213
V17_SHORT_NORMAL_STRONG,SHORT,NORMAL_VOL,STRONG,1.25,1.25,248,248,135,113,0,54.44,-0.0623,-15.4583,0.6172,16.9935,0.2744,-0.2328
V17_LONG_NORMAL_STRONG,LONG,NORMAL_VOL,STRONG,1.75,1.5,211,211,112,99,0,53.08,-0.0628,-13.249,0.657,14.5878,0.3074,-0.2333
V17_LONG_NORMAL_STRONG,LONG,NORMAL_VOL,STRONG,2.0,1.5,211,208,101,107,3,48.56,-0.0644,-13.5943,0.6728,14.7333,0.3268,-0.2422
V17_LONG_NORMAL_STRONG,LONG,NORMAL_VOL,STRONG,1.75,1.25,211,211,102,109,0,48.34,-0.0674,-14.2233,0.618,15.0623,0.2861,-0.2182
V17_SHORT_STRONG_TREND,SHORT,,STRONG,1.0,0.75,819,819,402,417,0,49.08,-0.068,-55.7037,0.544,56.1612,0.2544,-0.1883
V17_SHORT_HIGH_VOL,SHORT,HIGH_VOL,,1.75,0.75,805,805,262,543,0,32.55,-0.0688,-55.3819,0.7145,57.9814,0.3988,-0.3048
V17_SHORT_STRONG_TREND,SHORT,,STRONG,1.0,1.0,819,819,456,363,0,55.68,-0.0699,-57.2687,0.5625,58.3094,0.2789,-0.2095
V17_LONG_NORMAL_STRONG,LONG,NORMAL_VOL,STRONG,2.0,1.25,211,209,91,118,2,43.54,-0.0708,-14.9466,0.6274,15.0757,0.3025,-0.2257
V17_LONG_NORMAL_STRONG,LONG,NORMAL_VOL,STRONG,1.5,1.25,211,211,110,101,0,52.13,-0.0708,-14.9292,0.5685,15.3161,0.2704,-0.208
V17_SHORT_HIGH_VOL,SHORT,HIGH_VOL,,1.25,0.75,805,805,325,480,0,40.37,-0.071,-57.1198,0.6653,57.729,0.3455,-0.2808
V17_SHORT_NORMAL_VOL,SHORT,NORMAL_VOL,,1.75,1.5,703,703,353,350,0,50.21,-0.0717,-50.4384,0.6483,54.1856,0.3392,-0.2669
V17_SHORT_NORMAL_STRONG,SHORT,NORMAL_VOL,STRONG,1.25,1.0,248,248,120,128,0,48.39,-0.072,-17.8535,0.5504,19.6609,0.2454,-0.2057
V17_SHORT_HIGH_VOL,SHORT,HIGH_VOL,,1.5,0.75,805,805,288,517,0,35.78,-0.0724,-58.2499,0.6842,59.4878,0.3704,-0.2953
V17_SHORT_NORMAL_VOL,SHORT,NORMAL_VOL,,2.0,1.5,703,698,323,375,5,46.28,-0.0725,-50.9737,0.6682,54.4917,0.3629,-0.2759
V17_SHORT_NORMAL_VOL,SHORT,NORMAL_VOL,,2.0,1.25,703,699,294,405,4,42.06,-0.0728,-51.1628,0.6471,54.9198,0.3403,-0.2503
V17_SHORT_NORMAL_STRONG,SHORT,NORMAL_VOL,STRONG,2.0,0.75,248,248,74,174,0,29.84,-0.0731,-18.1389,0.5973,19.2791,0.3015,-0.2026
V17_LONG_NORMAL_STRONG,LONG,NORMAL_VOL,STRONG,1.25,1.5,211,211,128,83,0,60.66,-0.0733,-15.4681,0.5245,15.3916,0.2563,-0.2112
V17_SHORT_NORMAL_VOL,SHORT,NORMAL_VOL,,1.75,1.25,703,703,320,383,0,45.52,-0.0741,-52.0825,0.6195,55.9555,0.3208,-0.2433
V17_SHORT_NORMAL_VOL,SHORT,NORMAL_VOL,,1.5,1.5,703,703,378,325,0,53.77,-0.0744,-52.3081,0.6058,55.2117,0.3041,-0.2539
V17_SHORT_NORMAL_VOL,SHORT,NORMAL_VOL,,1.5,1.25,703,703,347,356,0,49.36,-0.0747,-52.4879,0.586,55.4652,0.2875,-0.2317
V17_SHORT_HIGH_VOL,SHORT,HIGH_VOL,,1.0,0.75,805,805,370,435,0,45.96,-0.0756,-60.829,0.6081,61.3397,0.31,-0.263
V17_SHORT_NORMAL_STRONG,SHORT,NORMAL_VOL,STRONG,1.0,1.5,248,248,155,93,0,62.5,-0.0763,-18.9158,0.5044,20.9009,0.2654,-0.2382
V17_SHORT_NORMAL_VOL,SHORT,NORMAL_VOL,,1.25,1.5,703,703,407,296,0,57.89,-0.077,-54.1333,0.5491,55.8336,0.2722,-0.2403
V17_SHORT_NORMAL_VOL,SHORT,NORMAL_VOL,,2.0,1.0,703,702,254,448,1,36.18,-0.0788,-55.3804,0.5954,59.669,0.3102,-0.2201
V17_LONG_NORMAL_STRONG,LONG,NORMAL_VOL,STRONG,1.25,1.25,211,211,117,94,0,55.45,-0.0789,-16.6545,0.4829,16.3227,0.2447,-0.1981
V17_SHORT_NORMAL_VOL,SHORT,NORMAL_VOL,,1.25,1.25,703,703,374,329,0,53.2,-0.0793,-55.7213,0.5221,57.0871,0.2584,-0.2203
V17_LONG_NORMAL_STRONG,LONG,NORMAL_VOL,STRONG,2.0,1.0,211,211,79,132,0,37.44,-0.0801,-16.8942,0.5611,16.6483,0.2756,-0.2034
V17_SHORT_NORMAL_VOL,SHORT,NORMAL_VOL,,1.5,1.0,703,703,303,400,0,43.1,-0.0811,-57.0357,0.5327,60.34,0.2632,-0.2054
V17_LONG_NORMAL_STRONG,LONG,NORMAL_VOL,STRONG,1.75,1.0,211,211,86,125,0,40.76,-0.0811,-17.1028,0.5318,16.8174,0.2612,-0.1972
V17_SHORT_NORMAL_VOL,SHORT,NORMAL_VOL,,1.75,1.0,703,703,277,426,0,39.4,-0.0813,-57.134,0.562,61.4002,0.2928,-0.214
V17_SHORT_NORMAL_STRONG,SHORT,NORMAL_VOL,STRONG,1.5,0.75,248,248,88,160,0,35.48,-0.0815,-20.2188,0.5125,20.8623,0.2412,-0.1912
V17_SHORT_NORMAL_STRONG,SHORT,NORMAL_VOL,STRONG,1.75,0.75,248,248,78,170,0,31.45,-0.082,-20.3415,0.5378,21.1409,0.282,-0.1995
V17_SHORT_NORMAL_STRONG,SHORT,NORMAL_VOL,STRONG,1.0,1.25,248,248,141,107,0,56.85,-0.0829,-20.5506,0.464,22.1153,0.2525,-0.2224
V17_SHORT_NORMAL_VOL,SHORT,NORMAL_VOL,,2.0,0.75,703,703,211,492,0,30.01,-0.0831,-58.3957,0.5342,60.053,0.2711,-0.192
V17_SHORT_NORMAL_VOL,SHORT,NORMAL_VOL,,1.25,1.0,703,703,331,372,0,47.08,-0.0844,-59.3447,0.4758,60.7904,0.2372,-0.1955
V17_SHORT_BASE,SHORT,,,1.75,0.75,2508,2508,801,1707,0,31.94,-0.0856,-214.6119,0.5218,215.6843,0.26,-0.1957
V17_SHORT_NORMAL_VOL,SHORT,NORMAL_VOL,,1.0,1.5,703,703,436,267,0,62.02,-0.0862,-60.6109,0.44,61.9342,0.2492,-0.2246
V17_SHORT_HIGH_VOL,SHORT,HIGH_VOL,,1.0,1.0,805,805,411,394,0,51.06,-0.0867,-69.7617,0.5995,70.1074,0.3344,-0.3023
V17_SHORT_HIGH_VOL,SHORT,HIGH_VOL,,2.0,0.75,805,803,221,582,2,27.52,-0.0868,-69.8684,0.6635,71.9705,0.423,-0.317
V17_SHORT_NORMAL_VOL,SHORT,NORMAL_VOL,,1.0,1.25,703,703,405,298,0,57.61,-0.0869,-61.1253,0.4211,62.07,0.2374,-0.2068
V17_SHORT_HIGH_VOL,SHORT,HIGH_VOL,,1.25,1.0,805,804,362,442,1,45.02,-0.087,-70.0362,0.6414,70.4343,0.3724,-0.3264
V17_LONG_NORMAL_STRONG,LONG,NORMAL_VOL,STRONG,1.5,1.0,211,211,92,119,0,43.6,-0.0871,-18.3773,0.4725,18.0919,0.2486,-0.1897
V17_SHORT_NORMAL_VOL,SHORT,NORMAL_VOL,,1.75,0.75,703,703,228,475,0,32.43,-0.0872,-61.2989,0.4943,62.505,0.2562,-0.1871
V17_SHORT_BASE,SHORT,,,1.25,0.75,2508,2508,979,1529,0,39.04,-0.0878,-220.3167,0.4508,220.9613,0.2212,-0.1803
V17_SHORT_HIGH_VOL,SHORT,HIGH_VOL,,1.0,1.25,805,802,451,351,3,56.23,-0.0879,-70.7945,0.6167,71.569,0.356,-0.3366
V17_SHORT_BASE,SHORT,,,1.5,0.75,2508,2508,872,1636,0,34.77,-0.0879,-220.5705,0.4863,221.4048,0.2393,-0.1894
V17_SHORT_HIGH_VOL,SHORT,HIGH_VOL,,1.0,1.5,805,798,480,318,7,60.15,-0.088,-70.8195,0.6322,75.4123,0.3764,-0.3654
V17_SHORT_NORMAL_VOL,SHORT,NORMAL_VOL,,1.5,0.75,703,703,250,453,0,35.56,-0.088,-61.8822,0.4632,62.7805,0.2306,-0.1805
V17_SHORT_NORMAL_STRONG,SHORT,NORMAL_VOL,STRONG,1.25,0.75,248,248,95,153,0,38.31,-0.0887,-21.9933,0.444,22.4957,0.2088,-0.184
V17_SHORT_BASE,SHORT,,,2.0,0.75,2508,2506,721,1785,2,28.77,-0.0896,-224.6821,0.5223,226.2641,0.2748,-0.2022
V17_SHORT_BASE,SHORT,,,1.25,1.5,2508,2497,1389,1108,11,55.63,-0.0899,-225.37,0.5229,227.2125,0.2804,-0.2537
V17_SHORT_NORMAL_VOL,SHORT,NORMAL_VOL,,1.25,0.75,703,703,277,426,0,39.4,-0.0903,-63.4464,0.414,64.0585,0.2093,-0.172
V17_SHORT_BASE,SHORT,,,1.25,1.25,2508,2502,1282,1220,6,51.24,-0.0905,-226.9717,0.5016,228.446,0.2644,-0.2318
V17_LONG_NORMAL_STRONG,LONG,NORMAL_VOL,STRONG,1.0,1.5,211,211,133,78,0,63.03,-0.0909,-19.1782,0.3748,18.9613,0.2266,-0.2014
V17_SHORT_BASE,SHORT,,,1.75,1.25,2508,2502,1076,1426,6,43.01,-0.091,-228.3001,0.5719,230.648,0.3149,-0.2572
V17_SHORT_BASE,SHORT,,,1.5,1.25,2508,2502,1166,1336,6,46.6,-0.0911,-228.5105,0.5416,230.4214,0.2894,-0.2459
V17_LONG_NORMAL_STRONG,LONG,NORMAL_VOL,STRONG,1.25,1.0,211,211,100,111,0,47.39,-0.0911,-19.2262,0.4087,18.9408,0.227,-0.1809
V17_SHORT_NORMAL_STRONG,SHORT,NORMAL_VOL,STRONG,1.0,1.0,248,248,125,123,0,50.4,-0.0911,-22.5977,0.4084,24.0306,0.2242,-0.1966
V17_SHORT_NORMAL_VOL,SHORT,NORMAL_VOL,,1.0,1.0,703,703,362,341,0,51.49,-0.0911,-64.0452,0.3827,64.9899,0.2177,-0.1837
V17_SHORT_BASE,SHORT,,,1.0,1.5,2508,2501,1521,980,7,60.82,-0.0912,-228.8367,0.4528,230.256,0.2504,-0.2343
V17_SHORT_BASE,SHORT,,,1.5,1.5,2508,2497,1269,1228,11,50.82,-0.0914,-229.2105,0.5619,231.8858,0.3083,-0.2705
V17_SHORT_BASE,SHORT,,,1.25,1.0,2508,2507,1139,1368,1,45.43,-0.0914,-229.2758,0.4729,230.7501,0.2445,-0.2066
V17_SHORT_BASE,SHORT,,,1.0,0.75,2508,2508,1102,1406,0,43.94,-0.0914,-229.21,0.3819,229.6675,0.2016,-0.1696
V17_LONG_NORMAL_VOL,LONG,NORMAL_VOL,,1.5,1.25,507,507,241,266,0,47.53,-0.0915,-46.38,0.4906,46.231,0.261,-0.2134
V17_SHORT_BASE,SHORT,,,1.75,1.5,2508,2493,1175,1318,15,47.13,-0.092,-230.657,0.5904,233.0049,0.3362,-0.2838
V17_SHORT_BASE,SHORT,,,1.0,1.25,2508,2505,1417,1088,3,56.57,-0.0921,-230.9509,0.4332,231.9916,0.237,-0.2153
V17_SHORT_BASE,SHORT,,,1.75,1.0,2508,2507,941,1566,1,37.53,-0.0922,-231.2272,0.5372,233.5751,0.2885,-0.2267
V17_SHORT_BASE,SHORT,,,1.5,1.0,2508,2507,1026,1481,1,40.93,-0.0923,-231.5177,0.5088,233.4286,0.2655,-0.2182
V17_LONG_NORMAL_VOL,LONG,NORMAL_VOL,,2.0,1.0,507,505,175,330,2,34.65,-0.0924,-46.8703,0.5146,46.5849,0.2721,-0.2051
V17_SHORT_HIGH_VOL,SHORT,HIGH_VOL,,1.5,1.0,805,804,322,482,1,40.05,-0.0925,-74.4504,0.6521,75.3348,0.4002,-0.346
V17_SHORT_HIGH_VOL,SHORT,HIGH_VOL,,1.25,1.25,805,799,397,402,6,49.69,-0.0928,-74.7036,0.647,75.6379,0.4025,-0.3659
V17_LONG_NORMAL_VOL,LONG,NORMAL_VOL,,1.75,1.0,507,507,193,314,0,38.07,-0.093,-47.1632,0.4879,46.8778,0.2612,-0.1998
V17_LONG_NORMAL_STRONG,LONG,NORMAL_VOL,STRONG,1.0,1.0,211,211,111,100,0,52.61,-0.0932,-19.6623,0.329,19.3769,0.2061,-0.1728
V17_LONG_NORMAL_VOL,LONG,NORMAL_VOL,,1.5,1.0,507,507,212,295,0,41.81,-0.0933,-47.3124,0.4536,47.3875,0.2453,-0.1917
V17_SHORT_HIGH_VOL,SHORT,HIGH_VOL,,1.75,1.0,805,804,292,512,1,36.32,-0.0934,-75.1673,0.6698,77.0293,0.4305,-0.3595
V17_LONG_NORMAL_VOL,LONG,NORMAL_VOL,,1.75,1.25,507,507,219,288,0,43.2,-0.0934,-47.3691,0.5188,47.0373,0.2793,-0.2247
V17_LONG_NORMAL_VOL,LONG,NORMAL_VOL,,2.0,1.25,507,502,197,305,5,39.24,-0.0936,-47.434,0.5435,47.1022,0.2917,-0.2314
V17_LONG_NORMAL_VOL,LONG,NORMAL_VOL,,1.5,0.75,507,507,178,329,0,35.11,-0.0937,-47.499,0.4103,47.4737,0.223,-0.163
V17_SHORT_BASE,SHORT,,,1.0,1.0,2508,2508,1272,1236,0,50.72,-0.0937,-234.9206,0.4054,235.9613,0.2212,-0.1927
V17_SHORT_LOW_VOL,SHORT,LOW_VOL,,1.25,1.5,1000,1000,556,444,0,55.6,-0.0943,-94.264,0.265,94.3183,0.1696,-0.1453
V17_SHORT_LOW_VOL,SHORT,LOW_VOL,,2.0,1.5,1000,999,440,559,1,44.04,-0.0946,-94.6443,0.4053,94.7914,0.2135,-0.1684
V17_LONG_NORMAL_VOL,LONG,NORMAL_VOL,,1.25,0.75,507,507,198,309,0,39.05,-0.0946,-47.9711,0.365,47.732,0.2106,-0.1553
V17_LONG_NORMAL_VOL,LONG,NORMAL_VOL,,1.5,1.5,507,507,261,246,0,51.48,-0.0949,-48.1042,0.5008,48.3681,0.2726,-0.233
V17_LONG_NORMAL_STRONG,LONG,NORMAL_VOL,STRONG,1.0,1.25,211,211,122,89,0,57.82,-0.0951,-20.0685,0.3436,19.7367,0.2163,-0.1891
V17_LONG_NORMAL_VOL,LONG,NORMAL_VOL,,2.0,0.75,507,506,143,363,1,28.26,-0.0953,-48.3103,0.4555,48.0712,0.2459,-0.1727
V17_SHORT_HIGH_VOL,SHORT,HIGH_VOL,,1.25,1.5,805,794,426,368,11,53.65,-0.0956,-76.9727,0.6565,82.8456,0.4251,-0.4
V17_LONG_NORMAL_VOL,LONG,NORMAL_VOL,,1.0,1.0,507,507,261,246,0,51.48,-0.0957,-48.5158,0.3282,48.4036,0.2149,-0.1705
V17_LONG_NORMAL_VOL,LONG,NORMAL_VOL,,1.0,0.75,507,507,223,284,0,43.98,-0.0959,-48.6044,0.2981,48.3876,0.1976,-0.1472
V17_LONG_NORMAL_VOL,LONG,NORMAL_VOL,,1.75,0.75,507,507,158,349,0,31.16,-0.096,-48.68,0.4302,48.4409,0.236,-0.1684
V17_SHORT_LOW_VOL,SHORT,LOW_VOL,,2.0,0.75,1000,1000,289,711,0,28.9,-0.0964,-96.418,0.2984,96.5651,0.1581,-0.1169
V17_SHORT_LOW_VOL,SHORT,LOW_VOL,,1.25,1.25,1000,1000,511,489,0,51.1,-0.0965,-96.5468,0.2405,96.6011,0.1574,-0.132
V17_LONG_NORMAL_VOL,LONG,NORMAL_VOL,,1.25,1.0,507,507,231,276,0,45.56,-0.0966,-48.9963,0.3948,48.7799,0.2306,-0.1816
V17_SHORT_HIGH_VOL,SHORT,HIGH_VOL,,1.5,1.25,805,799,358,441,6,44.81,-0.0968,-77.9058,0.6657,79.8456,0.4373,-0.3893
V17_SHORT_BASE,SHORT,,,2.0,1.25,2508,2494,979,1515,14,39.25,-0.0968,-242.7137,0.5729,245.4992,0.3361,-0.2679
V17_LONG_NORMAL_VOL,LONG,NORMAL_VOL,,1.25,1.25,507,507,259,248,0,51.08,-0.0968,-49.0553,0.4219,48.7481,0.244,-0.2023
V17_SHORT_LOW_VOL,SHORT,LOW_VOL,,1.75,1.5,1000,999,468,531,1,46.85,-0.0968,-96.8178,0.3624,96.9339,0.2016,-0.1627
V17_SHORT_LOW_VOL,SHORT,LOW_VOL,,1.5,1.5,1000,1000,503,497,0,50.3,-0.0968,-96.7622,0.3191,96.8474,0.1842,-0.1558
V17_SHORT_NORMAL_VOL,SHORT,NORMAL_VOL,,1.0,0.75,703,703,304,399,0,43.24,-0.097,-68.1661,0.3275,68.5276,0.1926,-0.1624
V17_SHORT_BASE,SHORT,,,2.0,1.5,2508,2483,1079,1404,25,43.46,-0.0971,-243.5604,0.5956,246.3459,0.3608,-0.2965
V17_LONG_LOW_VOL,LONG,LOW_VOL,,1.75,1.5,1266,1265,602,663,1,47.59,-0.0973,-123.1896,0.3417,122.9541,0.191,-0.161
V17_SHORT_HIGH_VOL,SHORT,HIGH_VOL,,1.75,1.25,805,799,328,471,6,41.05,-0.0974,-78.3717,0.6859,81.803,0.4699,-0.4077
V17_SHORT_LOW_VOL,SHORT,LOW_VOL,,1.0,1.5,1000,1000,605,395,0,60.5,-0.0974,-97.4063,0.1704,97.4321,0.1497,-0.1356
V17_SHORT_LOW_VOL,SHORT,LOW_VOL,,2.0,1.25,1000,1000,397,603,0,39.7,-0.0976,-97.5804,0.3671,97.7275,0.1956,-0.1508
V17_SHORT_LOW_VOL,SHORT,LOW_VOL,,2.0,1.0,1000,1000,346,654,0,34.6,-0.0977,-97.6848,0.3345,97.8319,0.1794,-0.1328
V17_SHORT_LOW_VOL,SHORT,LOW_VOL,,1.75,1.25,1000,1000,428,572,0,42.8,-0.0978,-97.8459,0.334,97.962,0.186,-0.1458
V17_SHORT_BASE,SHORT,,,2.0,1.0,2508,2504,849,1655,4,33.91,-0.0979,-245.6445,0.5357,248.5376,0.3075,-0.2357
V17_SHORT_LOW_VOL,SHORT,LOW_VOL,,1.75,0.75,1000,1000,311,689,0,31.1,-0.0979,-97.9311,0.2669,98.0472,0.1509,-0.1139
V17_LONG_LOW_VOL,LONG,LOW_VOL,,1.25,1.5,1266,1266,707,559,0,55.85,-0.098,-124.0253,0.2282,123.6831,0.1636,-0.1448
V17_SHORT_LOW_VOL,SHORT,LOW_VOL,,1.5,1.25,1000,1000,461,539,0,46.1,-0.0981,-98.1168,0.2925,98.202,0.1716,-0.1404
V17_LONG_LOW_VOL,LONG,LOW_VOL,,1.5,1.5,1266,1266,648,618,0,51.18,-0.0981,-124.2255,0.2911,123.8838,0.177,-0.1538
V17_LONG_STRONG_TREND,LONG,,STRONG,1.5,1.25,681,679,323,356,2,47.57,-0.0984,-67.0033,0.4269,66.6715,0.2298,-0.1995
V17_LONG_STRONG_TREND,LONG,,STRONG,1.5,1.5,681,678,354,324,3,52.21,-0.0987,-67.2011,0.4482,66.823,0.2437,-0.2194
V17_LONG_LOW_VOL,LONG,LOW_VOL,,2.0,1.5,1266,1265,558,707,1,44.11,-0.0987,-124.9774,0.3734,124.8481,0.2039,-0.1685
V17_SHORT_LOW_VOL,SHORT,LOW_VOL,,1.75,1.0,1000,1000,372,628,0,37.2,-0.0989,-98.9259,0.3009,99.042,0.1711,-0.1288
V17_LONG_STRONG_TREND,LONG,,STRONG,1.0,1.0,681,681,351,330,0,51.54,-0.099,-67.43,0.2818,67.1446,0.182,-0.1592
V17_SHORT_LOW_VOL,SHORT,LOW_VOL,,1.0,1.25,1000,1000,561,439,0,56.1,-0.099,-99.0311,0.1549,99.0569,0.1409,-0.1237
V17_LONG_STRONG_TREND,LONG,,STRONG,1.25,1.25,681,680,353,327,1,51.91,-0.0991,-67.5027,0.3744,67.1709,0.21,-0.1888
V17_LONG_LOW_VOL,LONG,LOW_VOL,,1.25,1.25,1266,1266,642,624,0,50.71,-0.0992,-125.5975,0.2112,125.2956,0.1532,-0.1332
V17_LONG_STRONG_TREND,LONG,,STRONG,1.75,1.0,681,680,260,420,1,38.24,-0.0994,-67.6822,0.4263,67.3968,0.2253,-0.1862
V17_LONG_LOW_VOL,LONG,LOW_VOL,,1.75,1.25,1266,1265,536,729,1,42.37,-0.0995,-125.9358,0.3123,125.6339,0.1769,-0.1466
V17_SHORT_HIGH_VOL,SHORT,HIGH_VOL,,1.5,1.5,805,794,388,406,11,48.87,-0.0996,-80.1402,0.6773,87.8656,0.4661,-0.4274
V17_LONG_LOW_VOL,LONG,LOW_VOL,,2.0,1.25,1266,1265,497,768,1,39.29,-0.0997,-126.1631,0.3457,125.8612,0.188,-0.1527
V17_LONG_STRONG_TREND,LONG,,STRONG,1.25,1.0,681,681,316,365,0,46.4,-0.0998,-67.9403,0.3437,67.6549,0.1971,-0.1687
V17_LONG_LOW_VOL,LONG,LOW_VOL,,1.75,1.0,1266,1265,469,796,1,37.08,-0.0998,-126.3311,0.282,126.0696,0.1604,-0.1299
V17_SHORT_LOW_VOL,SHORT,LOW_VOL,,1.25,0.75,1000,1000,377,623,0,37.7,-0.0998,-99.7505,0.1841,99.8048,0.1296,-0.1052
V17_LONG_LOW_VOL,LONG,LOW_VOL,,2.0,1.0,1266,1265,432,833,1,34.15,-0.0999,-126.533,0.3122,126.2715,0.1701,-0.1353
V17_SHORT_LOW_VOL,SHORT,LOW_VOL,,1.25,1.0,1000,1000,446,554,0,44.6,-0.0999,-99.8949,0.2101,99.9492,0.1466,-0.1179
V17_LONG_NORMAL_VOL,LONG,NORMAL_VOL,,2.0,1.5,507,500,214,286,7,42.8,-0.1,-50.6765,0.5465,50.8072,0.3085,-0.2568
V17_LONG_STRONG_TREND,LONG,,STRONG,1.0,1.25,681,681,386,295,0,56.68,-0.1,-68.0749,0.3019,67.7431,0.1919,-0.1765
V17_SHORT_LOW_VOL,SHORT,LOW_VOL,,1.5,1.0,1000,1000,401,599,0,40.1,-0.1,-100.0316,0.2605,100.1168,0.1588,-0.1243
V17_LONG_LOW_VOL,LONG,LOW_VOL,,1.5,1.25,1266,1266,581,685,0,45.89,-0.1001,-126.6874,0.2666,126.3855,0.1647,-0.1407
V17_SHORT_LOW_VOL,SHORT,LOW_VOL,,1.0,0.75,1000,1000,428,572,0,42.8,-0.1002,-100.2149,0.1228,100.2407,0.1206,-0.0994
V17_LONG_STRONG_TREND,LONG,,STRONG,1.5,1.0,681,680,285,395,1,41.91,-0.1003,-68.3107,0.3879,68.0253,0.2137,-0.1773
V17_LONG_STRONG_TREND,LONG,,STRONG,1.25,1.5,681,680,383,297,1,56.32,-0.1004,-68.354,0.3906,67.9759,0.2222,-0.2071
V17_SHORT_LOW_VOL,SHORT,LOW_VOL,,1.5,0.75,1000,1000,334,666,0,33.4,-0.1004,-100.4384,0.225,100.5236,0.1399,-0.1104
V17_LONG_STRONG_TREND,LONG,,STRONG,1.0,1.5,681,681,416,265,0,61.09,-0.1005,-68.4597,0.3164,68.0816,0.2022,-0.192
V17_LONG_LOW_VOL,LONG,LOW_VOL,,2.0,0.75,1266,1266,352,914,0,27.8,-0.1005,-127.2678,0.269,127.0467,0.1477,-0.1132
V17_LONG_LOW_VOL,LONG,LOW_VOL,,1.75,0.75,1266,1266,386,880,0,30.49,-0.1006,-127.3244,0.2417,127.1033,0.1399,-0.1101
V17_LONG_NORMAL_VOL,LONG,NORMAL_VOL,,1.75,1.5,507,506,236,270,1,46.64,-0.1007,-51.0438,0.5181,51.0859,0.2942,-0.2488
V17_LONG_STRONG_TREND,LONG,,STRONG,1.75,1.25,681,679,293,386,2,43.15,-0.1007,-68.5543,0.4558,68.2225,0.2429,-0.2102
V17_LONG_NORMAL_VOL,LONG,NORMAL_VOL,,1.25,1.5,507,507,279,228,0,55.03,-0.1007,-51.0727,0.4289,51.163,0.2536,-0.2213
V17_SHORT_LOW_VOL,SHORT,LOW_VOL,,1.0,1.0,1000,1000,499,501,0,49.9,-0.1011,-101.1137,0.1369,101.1395,0.1326,-0.1108
V17_LONG_LOW_VOL,LONG,LOW_VOL,,1.0,1.5,1266,1266,762,504,0,60.19,-0.1016,-128.66,0.1394,128.3178,0.147,-0.1365
V17_LONG_LOW_VOL,LONG,LOW_VOL,,1.5,1.0,1266,1266,507,759,0,40.05,-0.1017,-128.7842,0.2356,128.5227,0.1502,-0.1258
V17_LONG_LOW_VOL,LONG,LOW_VOL,,1.25,1.0,1266,1266,563,703,0,44.47,-0.1017,-128.6918,0.1844,128.4303,0.1405,-0.1203
V17_LONG_NORMAL_STRONG,LONG,NORMAL_VOL,STRONG,1.75,0.75,211,211,64,147,0,30.33,-0.102,-21.5178,0.3998,21.2787,0.2245,-0.1681
V17_LONG_NORMAL_VOL,LONG,NORMAL_VOL,,1.0,1.25,507,507,282,225,0,55.62,-0.102,-51.7207,0.3299,51.4146,0.2248,-0.1896
V17_LONG_LOW_VOL,LONG,LOW_VOL,,1.0,1.25,1266,1266,702,564,0,55.45,-0.102,-129.1887,0.1294,128.8868,0.1385,-0.126
V17_LONG_STRONG_TREND,LONG,,STRONG,1.75,1.5,681,677,322,355,4,47.56,-0.1021,-69.5058,0.4751,69.1277,0.2596,-0.2314
V17_LONG_NORMAL_STRONG,LONG,NORMAL_VOL,STRONG,2.0,0.75,211,211,58,153,0,27.49,-0.1023,-21.5945,0.4207,21.4038,0.237,-0.1726
V17_LONG_NORMAL_STRONG,LONG,NORMAL_VOL,STRONG,1.5,0.75,211,211,71,140,0,33.65,-0.1023,-21.5903,0.3685,21.3512,0.2146,-0.1638
V17_LONG_LOW_VOL,LONG,LOW_VOL,,1.25,0.75,1266,1266,469,797,0,37.05,-0.1025,-129.7967,0.1571,129.5756,0.1245,-0.1024
V17_LONG_LOW_VOL,LONG,LOW_VOL,,1.5,0.75,1266,1266,418,848,0,33.02,-0.1026,-129.8885,0.2001,129.6674,0.1325,-0.1069
V17_LONG_NORMAL_STRONG,LONG,NORMAL_VOL,STRONG,1.25,0.75,211,211,79,132,0,37.44,-0.1027,-21.6671,0.3268,21.428,0.1981,-0.1576
V17_LONG_BASE,LONG,,,1.25,0.75,2111,2111,783,1328,0,37.09,-0.1033,-218.1274,0.2666,217.8883,0.1623,-0.1361
V17_SHORT_HIGH_VOL,SHORT,HIGH_VOL,,1.75,1.5,805,791,354,437,14,44.75,-0.1036,-83.4008,0.6887,91.7105,0.5008,-0.449
V17_LONG_BASE,LONG,,,1.5,0.75,2111,2110,697,1413,1,33.03,-0.1038,-219.0879,0.305,218.8488,0.1745,-0.1424
V17_LONG_MEDIUM_TREND,LONG,,MEDIUM,2.0,0.75,855,853,235,618,2,27.55,-0.1039,-88.8064,0.3547,88.5965,0.1929,-0.1535
V17_LONG_MEDIUM_TREND,LONG,,MEDIUM,1.5,0.75,855,855,282,573,0,32.98,-0.104,-88.929,0.3026,88.7198,0.1744,-0.145
V17_LONG_STRONG_TREND,LONG,,STRONG,1.25,0.75,681,681,257,424,0,37.74,-0.1042,-70.9681,0.2908,70.729,0.1732,-0.1489
V17_LONG_BASE,LONG,,,1.75,0.75,2111,2110,632,1478,1,29.95,-0.1043,-220.1992,0.3322,219.9601,0.1835,-0.1474
V17_LONG_LOW_VOL,LONG,LOW_VOL,,1.0,0.75,1266,1266,526,740,0,41.55,-0.1043,-132.085,0.097,131.8639,0.1137,-0.0975
V17_LONG_NORMAL_VOL,LONG,NORMAL_VOL,,1.0,1.5,507,507,303,204,0,59.76,-0.1045,-52.9827,0.3395,52.965,0.2333,-0.2071
V17_SHORT_NORMAL_STRONG,SHORT,NORMAL_VOL,STRONG,1.0,0.75,248,248,99,149,0,39.92,-0.1045,-25.9077,0.3272,26.2692,0.192,-0.1764
V17_LONG_NORMAL_STRONG,LONG,NORMAL_VOL,STRONG,1.0,0.75,211,211,88,123,0,41.71,-0.1046,-22.0804,0.2611,21.8413,0.1825,-0.1515
V17_LONG_BASE,LONG,,,1.5,1.25,2111,2109,954,1155,2,45.23,-0.1048,-221.2783,0.3741,220.9465,0.2104,-0.1875
V17_LONG_BASE,LONG,,,1.0,0.75,2111,2111,881,1230,0,41.73,-0.1049,-221.4039,0.2053,221.1648,0.1496,-0.129
V17_LONG_LOW_VOL,LONG,LOW_VOL,,1.0,1.0,1266,1266,618,648,0,48.82,-0.105,-132.975,0.1109,132.7135,0.128,-0.1142
V17_LONG_STRONG_TREND,LONG,,STRONG,1.5,0.75,681,680,229,451,1,33.68,-0.1052,-71.6169,0.3262,71.3778,0.1858,-0.1553
V17_LONG_BASE,LONG,,,1.25,1.25,2111,2110,1048,1062,1,49.67,-0.1052,-221.9759,0.3221,221.6441,0.1944,-0.1777
V17_LONG_BASE,LONG,,,1.75,1.25,2111,2108,875,1233,3,41.51,-0.1055,-222.6157,0.4092,222.2839,0.2248,-0.1961
V17_LONG_BASE,LONG,,,1.5,1.5,2111,2108,1056,1052,3,50.09,-0.1055,-222.8,0.3941,222.4219,0.2236,-0.206
V17_LONG_MEDIUM_TREND,LONG,,MEDIUM,1.75,0.75,855,855,256,599,0,29.94,-0.1056,-90.3272,0.3241,90.1173,0.1847,-0.1501
V17_LONG_MEDIUM_TREND,LONG,,MEDIUM,1.25,0.75,855,855,314,541,0,36.73,-0.1056,-90.2939,0.2554,90.084,0.1627,-0.1388
V17_LONG_BASE,LONG,,,1.75,1.0,2111,2109,765,1344,2,36.27,-0.1057,-223.2082,0.3728,222.9228,0.2059,-0.1735
V17_LONG_BASE,LONG,,,1.25,1.5,2111,2110,1149,961,1,54.45,-0.1061,-223.9965,0.3385,223.6184,0.2056,-0.1948
V17_LONG_BASE,LONG,,,1.75,1.5,2111,2105,974,1131,6,46.27,-0.1062,-224.2532,0.4314,223.8751,0.2405,-0.2165
V17_LONG_BASE,LONG,,,1.5,1.0,2111,2110,834,1276,1,39.53,-0.1062,-224.2437,0.3372,223.9583,0.1941,-0.167
V17_LONG_BASE,LONG,,,1.25,1.0,2111,2111,924,1187,0,43.77,-0.1064,-224.6189,0.2906,224.3335,0.1799,-0.159
V17_LONG_BASE,LONG,,,1.0,1.25,2111,2111,1155,956,0,54.71,-0.1064,-224.546,0.2489,224.2142,0.1769,-0.1669
V17_LONG_STRONG_TREND,LONG,,STRONG,1.75,0.75,681,680,205,475,1,30.15,-0.1065,-72.5514,0.3503,72.3123,0.1951,-0.1612
V17_LONG_MEDIUM_TREND,LONG,,MEDIUM,1.0,0.75,855,855,353,502,0,41.29,-0.1065,-91.019,0.1985,90.8091,0.1523,-0.1318
V17_LONG_BASE,LONG,,,2.0,0.75,2111,2108,569,1539,3,26.99,-0.1066,-225.0481,0.3448,224.809,0.1921,-0.1521
V17_LONG_BASE,LONG,,,1.0,1.0,2111,2111,1031,1080,0,48.84,-0.1068,-225.3793,0.2269,225.0939,0.1653,-0.15
V17_LONG_STRONG_TREND,LONG,,STRONG,1.0,0.75,681,681,285,396,0,41.85,-0.1068,-72.7078,0.2266,72.4687,0.1606,-0.1416
V17_LONG_STRONG_TREND,LONG,,STRONG,2.0,1.0,681,680,233,447,1,34.26,-0.107,-72.8641,0.4215,72.5787,0.2361,-0.1947
V17_LONG_BASE,LONG,,,1.0,1.5,2111,2111,1251,860,0,59.26,-0.1075,-226.9314,0.2611,226.5533,0.1862,-0.182
V17_SHORT_MEDIUM_TREND,SHORT,,MEDIUM,1.75,0.75,864,864,255,609,0,29.51,-0.1079,-93.251,0.4169,94.269,0.2241,-0.1986
V17_SHORT_MEDIUM_TREND,SHORT,,MEDIUM,1.25,0.75,864,864,308,556,0,35.65,-0.1082,-93.4921,0.3573,93.7293,0.1967,-0.1842
V17_LONG_STRONG_TREND,LONG,,STRONG,2.0,1.25,681,677,263,414,4,38.85,-0.1091,-74.3037,0.4516,73.9719,0.256,-0.2205
V17_LONG_BASE,LONG,,,2.0,1.0,2111,2106,692,1414,5,32.86,-0.11,-232.2088,0.3813,231.9234,0.216,-0.181
V17_SHORT_MEDIUM_TREND,SHORT,,MEDIUM,1.0,0.75,864,864,344,520,0,39.81,-0.1105,-95.4919,0.2986,95.5104,0.1832,-0.1735
V17_LONG_STRONG_TREND,LONG,,STRONG,2.0,1.5,681,674,291,383,7,43.18,-0.1111,-75.671,0.4719,75.2929,0.2741,-0.2434
V17_SHORT_MEDIUM_TREND,SHORT,,MEDIUM,1.5,0.75,864,864,273,591,0,31.6,-0.1119,-96.6888,0.3767,97.3163,0.2098,-0.1932
V17_LONG_BASE,LONG,,,2.0,1.25,2111,2101,792,1309,10,37.7,-0.112,-236.4634,0.4118,236.1316,0.2366,-0.2049
V17_LONG_STRONG_TREND,LONG,,STRONG,2.0,0.75,681,680,182,498,1,26.76,-0.1121,-76.3672,0.3487,76.1281,0.2041,-0.1667
V17_LONG_MEDIUM_TREND,LONG,,MEDIUM,1.5,1.0,855,855,330,525,0,38.6,-0.1126,-96.2829,0.3106,96.3396,0.189,-0.1732
V17_LONG_MEDIUM_TREND,LONG,,MEDIUM,2.0,1.0,855,852,279,573,3,32.75,-0.1127,-96.3278,0.368,96.0812,0.212,-0.185
V17_SHORT_MEDIUM_TREND,SHORT,,MEDIUM,2.0,0.75,864,864,225,639,0,26.04,-0.1131,-97.7258,0.4165,98.4627,0.2357,-0.2048
V17_LONG_MEDIUM_TREND,LONG,,MEDIUM,1.5,1.5,855,855,425,430,0,49.71,-0.1137,-97.2359,0.3624,97.5899,0.2205,-0.2122
V17_LONG_MEDIUM_TREND,LONG,,MEDIUM,1.5,1.25,855,855,379,476,0,44.33,-0.1143,-97.7491,0.3365,97.6882,0.2053,-0.1941
V17_LONG_MEDIUM_TREND,LONG,,MEDIUM,1.25,1.0,855,855,364,491,0,42.57,-0.1143,-97.7174,0.2593,97.5529,0.1766,-0.1655
V17_LONG_MEDIUM_TREND,LONG,,MEDIUM,1.25,1.5,855,855,460,395,0,53.8,-0.1149,-98.2142,0.3054,98.3026,0.2042,-0.2019
V17_SHORT_HIGH_VOL,SHORT,HIGH_VOL,,2.0,1.0,805,802,249,553,3,31.05,-0.115,-92.5793,0.6228,94.4598,0.4642,-0.3771
V17_LONG_MEDIUM_TREND,LONG,,MEDIUM,1.75,1.5,855,855,395,460,0,46.2,-0.115,-98.3356,0.3974,98.1163,0.2394,-0.2238
V17_LONG_MEDIUM_TREND,LONG,,MEDIUM,1.75,1.0,855,855,301,554,0,35.2,-0.115,-98.3298,0.3341,98.0832,0.2018,-0.1792
V17_LONG_MEDIUM_TREND,LONG,,MEDIUM,1.25,1.25,855,855,416,439,0,48.65,-0.1151,-98.43,0.2834,98.1479,0.1915,-0.1848
V17_LONG_MEDIUM_TREND,LONG,,MEDIUM,1.0,1.25,855,855,459,396,0,53.68,-0.1151,-98.4069,0.2172,98.1237,0.1767,-0.1736
V17_LONG_BASE,LONG,,,2.0,1.5,2111,2094,881,1213,17,42.07,-0.1152,-243.2106,0.4286,242.8325,0.2539,-0.2269
V17_LONG_MEDIUM_TREND,LONG,,MEDIUM,1.0,1.0,855,855,403,452,0,47.13,-0.1152,-98.5344,0.1978,98.3064,0.1644,-0.1561
V17_LONG_MEDIUM_TREND,LONG,,MEDIUM,1.0,1.5,855,855,500,355,0,58.48,-0.1154,-98.6863,0.2334,98.6668,0.1874,-0.1897
V17_SHORT_MEDIUM_TREND,SHORT,,MEDIUM,1.25,1.0,864,864,357,507,0,41.32,-0.1158,-100.066,0.3752,100.2759,0.2169,-0.2159
V17_SHORT_MEDIUM_TREND,SHORT,,MEDIUM,1.0,1.0,864,864,398,466,0,46.06,-0.1161,-100.2759,0.3189,100.2618,0.2015,-0.2017
V17_SHORT_HIGH_VOL,SHORT,HIGH_VOL,,2.0,1.25,805,795,288,507,10,36.23,-0.1167,-93.9705,0.6508,96.4049,0.5069,-0.4287
V17_LONG_MEDIUM_TREND,LONG,,MEDIUM,1.75,1.25,855,855,347,508,0,40.58,-0.1177,-100.6622,0.361,100.379,0.2209,-0.2027
V17_LONG_MEDIUM_TREND,LONG,,MEDIUM,2.0,1.25,855,850,320,530,5,37.65,-0.1182,-101.0824,0.3851,100.7992,0.2322,-0.2092
V17_LONG_HIGH_VOL,LONG,HIGH_VOL,,1.25,0.75,338,338,116,222,0,34.32,-0.1194,-40.3596,0.4054,40.7387,0.231,-0.2337
V17_LONG_MEDIUM_TREND,LONG,,MEDIUM,2.0,1.5,855,849,361,488,6,42.52,-0.12,-102.6219,0.4083,102.4912,0.253,-0.2314
V17_LONG_HIGH_VOL,LONG,HIGH_VOL,,1.0,0.75,338,338,132,206,0,39.05,-0.1205,-40.7145,0.3546,40.7234,0.2121,-0.2201
V17_SHORT_HIGH_VOL,SHORT,HIGH_VOL,,2.0,1.5,805,786,316,470,19,40.2,-0.1217,-97.9424,0.6617,103.5362,0.5418,-0.4738
V17_SHORT_MEDIUM_TREND,SHORT,,MEDIUM,1.75,1.0,864,864,291,573,0,33.68,-0.1231,-106.3788,0.4158,107.2933,0.2486,-0.2358
V17_SHORT_MEDIUM_TREND,SHORT,,MEDIUM,1.5,1.0,864,864,316,548,0,36.57,-0.1231,-106.3184,0.3886,106.8424,0.2327,-0.2287
V17_LONG_HIGH_VOL,LONG,HIGH_VOL,,1.5,0.75,338,337,101,236,1,29.97,-0.1234,-41.7004,0.4234,41.621,0.2588,-0.2442
V17_SHORT_MEDIUM_TREND,SHORT,,MEDIUM,1.0,1.25,864,864,440,424,0,50.93,-0.125,-108.0282,0.3187,107.9816,0.2137,-0.2273
V17_SHORT_MEDIUM_TREND,SHORT,,MEDIUM,2.0,1.0,864,863,261,602,1,30.24,-0.1275,-110.1377,0.4231,110.842,0.2679,-0.2433
V17_SHORT_MEDIUM_TREND,SHORT,,MEDIUM,1.25,1.25,864,864,396,468,0,45.83,-0.1276,-110.2127,0.3702,110.3455,0.2348,-0.244
V17_LONG_HIGH_VOL,LONG,HIGH_VOL,,1.0,1.25,338,338,171,167,0,50.59,-0.1291,-43.6366,0.4054,43.3027,0.2488,-0.2861
V17_LONG_HIGH_VOL,LONG,HIGH_VOL,,1.0,1.0,338,338,152,186,0,44.97,-0.1298,-43.8885,0.3708,43.6516,0.2305,-0.2534
V17_LONG_HIGH_VOL,LONG,HIGH_VOL,,1.75,0.75,338,337,88,249,1,26.11,-0.1308,-44.1948,0.4215,44.4316,0.2676,-0.2558
V17_SHORT_MEDIUM_TREND,SHORT,,MEDIUM,1.75,1.25,864,864,331,533,0,38.31,-0.1321,-114.1017,0.428,114.913,0.2704,-0.2675
V17_SHORT_MEDIUM_TREND,SHORT,,MEDIUM,1.5,1.25,864,864,356,508,0,41.2,-0.1329,-114.8086,0.3956,115.2294,0.2532,-0.2588
V17_SHORT_MEDIUM_TREND,SHORT,,MEDIUM,1.0,1.5,864,864,469,395,0,54.28,-0.1332,-115.059,0.3192,114.9799,0.2241,-0.2498
V17_LONG_HIGH_VOL,LONG,HIGH_VOL,,1.0,1.5,338,338,186,152,0,55.03,-0.134,-45.2887,0.415,45.9591,0.2628,-0.3148
V17_LONG_HIGH_STRONG,LONG,HIGH_VOL,STRONG,1.0,1.0,140,140,59,81,0,42.14,-0.1361,-19.0588,0.3582,19.0515,0.2181,-0.2592
V17_SHORT_MEDIUM_TREND,SHORT,,MEDIUM,1.25,1.5,864,864,426,438,0,49.31,-0.1364,-117.8712,0.372,117.9715,0.2474,-0.2706
V17_SHORT_MEDIUM_TREND,SHORT,,MEDIUM,2.0,1.25,864,861,300,561,3,34.84,-0.1365,-117.9084,0.4378,118.5802,0.2916,-0.2769
V17_LONG_HIGH_VOL,LONG,HIGH_VOL,,1.25,1.0,338,338,130,208,0,38.46,-0.1388,-46.9308,0.3973,47.0641,0.2515,-0.2701
V17_LONG_HIGH_STRONG,LONG,HIGH_VOL,STRONG,1.0,0.75,140,140,47,93,0,33.57,-0.1397,-19.5542,0.3022,19.3873,0.1913,-0.229
V17_LONG_HIGH_VOL,LONG,HIGH_VOL,,1.25,1.25,338,337,147,190,1,43.62,-0.14,-47.3231,0.4325,47.2104,0.2745,-0.3079
V17_LONG_HIGH_STRONG,LONG,HIGH_VOL,STRONG,1.25,0.75,140,140,40,100,0,28.57,-0.141,-19.7437,0.3425,19.6344,0.2093,-0.2436
V17_SHORT_MEDIUM_TREND,SHORT,,MEDIUM,1.75,1.5,864,863,359,504,1,41.6,-0.1418,-122.4797,0.4332,123.1877,0.2868,-0.3006
V17_LONG_HIGH_VOL,LONG,HIGH_VOL,,1.5,1.0,338,337,115,222,1,34.12,-0.1424,-48.1471,0.4216,47.8014,0.2818,-0.2839
V17_LONG_HIGH_VOL,LONG,HIGH_VOL,,1.5,1.25,338,336,132,204,2,39.29,-0.1426,-48.2109,0.4629,47.8037,0.3061,-0.3237
V17_LONG_HIGH_STRONG,LONG,HIGH_VOL,STRONG,1.0,1.25,140,140,65,75,0,46.43,-0.143,-20.0239,0.3748,19.9509,0.2328,-0.2988
V17_SHORT_MEDIUM_TREND,SHORT,,MEDIUM,1.5,1.5,864,864,385,479,0,44.56,-0.1431,-123.6371,0.3977,123.9546,0.2679,-0.2895
V17_LONG_HIGH_VOL,LONG,HIGH_VOL,,1.25,1.5,338,337,163,174,1,48.37,-0.1447,-48.8985,0.4474,49.8934,0.2906,-0.3424
V17_LONG_HIGH_VOL,LONG,HIGH_VOL,,1.75,1.25,338,336,120,216,2,35.71,-0.1459,-49.3108,0.482,48.9203,0.3224,-0.3387
V17_LONG_HIGH_VOL,LONG,HIGH_VOL,,2.0,0.75,338,336,74,262,2,22.02,-0.1464,-49.47,0.3868,50.0074,0.2777,-0.2668
V17_SHORT_MEDIUM_TREND,SHORT,,MEDIUM,2.0,1.5,864,858,325,533,6,37.88,-0.1468,-126.8645,0.4438,127.5038,0.3108,-0.3123
V17_LONG_HIGH_VOL,LONG,HIGH_VOL,,1.75,1.0,338,337,103,234,1,30.56,-0.1471,-49.7139,0.4339,49.6333,0.2934,-0.2974
V17_LONG_HIGH_VOL,LONG,HIGH_VOL,,1.75,1.5,338,334,136,198,4,40.72,-0.148,-50.0198,0.5065,51.0178,0.3454,-0.376
V17_LONG_HIGH_STRONG,LONG,HIGH_VOL,STRONG,1.5,0.75,140,139,33,106,1,23.74,-0.1486,-20.8013,0.3483,20.7495,0.2296,-0.2541
V17_LONG_HIGH_VOL,LONG,HIGH_VOL,,1.5,1.5,338,335,147,188,3,43.88,-0.1493,-50.4703,0.4748,51.2829,0.3247,-0.361
V17_LONG_HIGH_STRONG,LONG,HIGH_VOL,STRONG,1.25,1.0,140,140,47,93,0,33.57,-0.159,-22.2539,0.3484,22.0789,0.2371,-0.2796
V17_LONG_HIGH_STRONG,LONG,HIGH_VOL,STRONG,1.0,1.5,140,140,69,71,0,49.29,-0.16,-22.4014,0.3603,22.2627,0.2438,-0.3275
V17_LONG_HIGH_STRONG,LONG,HIGH_VOL,STRONG,1.75,0.75,140,139,27,112,1,19.42,-0.1601,-22.4192,0.335,22.425,0.2361,-0.2675
V17_LONG_HIGH_STRONG,LONG,HIGH_VOL,STRONG,1.5,1.0,140,139,39,100,1,28.06,-0.1709,-23.9243,0.3504,23.8068,0.259,-0.2956
V17_LONG_HIGH_VOL,LONG,HIGH_VOL,,2.0,1.0,338,336,85,251,2,25.3,-0.174,-58.8055,0.3797,59.0333,0.304,-0.316
V17_LONG_HIGH_STRONG,LONG,HIGH_VOL,STRONG,1.75,1.0,140,139,34,105,1,24.46,-0.1762,-24.6695,0.361,24.6096,0.2681,-0.3137
V17_LONG_HIGH_STRONG,LONG,HIGH_VOL,STRONG,1.25,1.25,140,139,51,88,1,36.69,-0.1772,-24.8142,0.3475,24.6087,0.2537,-0.328
V17_LONG_HIGH_STRONG,LONG,HIGH_VOL,STRONG,2.0,0.75,140,139,21,118,1,15.11,-0.1799,-25.1904,0.2925,25.2538,0.2421,-0.2797
V17_LONG_HIGH_VOL,LONG,HIGH_VOL,,2.0,1.25,338,334,98,236,4,29.34,-0.186,-62.8663,0.403,62.7842,0.336,-0.3605
V17_LONG_HIGH_STRONG,LONG,HIGH_VOL,STRONG,1.5,1.25,140,138,43,95,2,31.16,-0.1905,-26.6768,0.3525,26.6212,0.2756,-0.3477
V17_LONG_HIGH_STRONG,LONG,HIGH_VOL,STRONG,1.25,1.5,140,139,55,84,1,39.57,-0.1991,-27.8791,0.3356,27.5727,0.2654,-0.3669
V17_LONG_HIGH_VOL,LONG,HIGH_VOL,,2.0,1.5,338,329,109,220,9,33.13,-0.1999,-67.5567,0.4095,68.8873,0.3594,-0.4008
V17_LONG_HIGH_STRONG,LONG,HIGH_VOL,STRONG,1.75,1.25,140,138,37,101,2,26.81,-0.2014,-28.1957,0.355,28.29,0.2861,-0.3671
V17_LONG_HIGH_STRONG,LONG,HIGH_VOL,STRONG,2.0,1.0,140,139,26,113,1,18.71,-0.2077,-29.0808,0.3024,29.0785,0.2745,-0.3321
V17_LONG_HIGH_STRONG,LONG,HIGH_VOL,STRONG,1.5,1.5,140,137,46,91,3,33.58,-0.216,-30.2404,0.3372,30.0738,0.2892,-0.388
V17_LONG_HIGH_STRONG,LONG,HIGH_VOL,STRONG,1.75,1.5,140,136,40,96,4,29.41,-0.2245,-31.4236,0.3459,31.4069,0.2997,-0.4073
V17_LONG_HIGH_STRONG,LONG,HIGH_VOL,STRONG,2.0,1.25,140,138,29,109,2,21.01,-0.2353,-32.9387,0.3046,33.183,0.2945,-0.3886
V17_LONG_HIGH_STRONG,LONG,HIGH_VOL,STRONG,2.0,1.5,140,136,31,105,4,22.79,-0.2667,-37.3366,0.2916,37.4699,0.3081,-0.4329
