SYMBOL,TIME
UDSUSDT,2026-10-04 04:45:00
ZESTUSDT,2026-10-04 04:45:00
TROLLUSDT,2026-10-04 04:45:00
CAKEUSDT,2026-10-04 04:45:00
NOMUSDT,2026-10-04 04:45:00
LIGHTUSDT,2026-10-04 11:00:00
GIGAUSDT,2026-10-04 11:00:00
UDSUSDT,2026-10-04 11:00:00
SKLUSDT,2026-10-04 11:00:00
OUSDT,2026-10-04 17:45:00
LUNAUSDT,2026-10-04 18:00:00
ZENTUSDT,2026-10-04 21:15:00
ALKIMIUSDT,2026-10-04 21:00:00
DAOUSDT,2026-10-04 21:00:00
FDUSDUSDT,2026-10-04 21:15:00
DEGENUSDT,2026-10-04 21:00:00
CETUSUSDT,2026-10-04 21:45:00
HUMAUSDT,2026-10-04 21:45:00
DOGSUSDT,2026-10-04 21:45:00
